meter_id,lat,lon,aerial_anomaly_score,tamper_events_60d,outages_60d,meter_age_years,phase_imbalance_pct,label_illegal_connection,label_faulty_meter,kwh_mean_60d,kwh_std_60d,kwh_max_60d,kwh_min_60d,missing_days
MTR-100000,24.682235,46.739866,0.182,0,0,11.56,1.55,0,0,11.51,4.43,27.7,1.17,0
MTR-100001,24.826279,46.556447,0.504,0,0,11.29,1.25,0,0,11.83,4.24,21.74,4.46,0
MTR-100002,24.771598,46.555831,0.051,0,0,8.91,0.99,0,0,11.48,4.39,22.29,1.0,0
MTR-100003,24.738265,46.631203,0.871,0,0,7.08,0.94,0,0,12.2,3.94,21.4,1.34,0
MTR-100004,24.627605,46.672461,0.218,0,0,5.4,0.3,0,0,13.1,4.34,23.18,4.66,0
MTR-100005,24.627599,46.742902,0.144,1,0,11.58,-0.02,0,0,12.96,4.25,23.47,2.05,0
MTR-100006,24.603121,46.721124,0.1,0,0,1.43,2.04,0,0,12.26,4.39,21.28,3.49,0
MTR-100007,24.805144,46.661776,0.252,0,0,6.46,1.05,0,0,12.74,4.4,25.94,2.01,0
MTR-100008,24.738879,46.618707,0.433,0,0,11.37,0.41,0,1,12.21,8.26,30.24,0.48,6
MTR-100009,24.765618,46.799581,0.692,1,1,1.13,1.3,0,0,13.03,3.95,21.18,1.11,0
MTR-100010,24.593746,46.656845,0.224,2,0,2.56,1.59,0,0,11.54,3.77,21.82,3.29,0
MTR-100011,24.831077,46.663147,0.587,0,2,9.03,-0.14,0,0,12.66,3.77,21.66,6.1,0
MTR-100012,24.796711,46.591206,0.311,0,1,7.3,1.6,0,0,12.69,4.01,24.26,2.44,0
MTR-100013,24.641685,46.749002,0.152,0,1,10.84,0.49,0,0,11.45,4.91,24.61,1.18,0
MTR-100014,24.634056,46.723721,0.399,0,1,5.96,1.47,0,0,12.14,4.05,20.58,3.97,0
MTR-100015,24.634451,46.605492,0.37,0,1,4.64,0.58,0,1,11.89,7.56,30.66,0.16,6
MTR-100016,24.664661,46.570895,0.296,1,0,8.96,1.79,0,0,12.25,4.17,23.35,3.75,0
MTR-100017,24.719789,46.720425,0.443,0,0,7.61,1.53,0,0,11.85,4.35,21.97,2.12,0
MTR-100018,24.696586,46.713928,0.368,1,1,3.41,1.11,0,0,12.73,3.73,23.39,4.56,0
MTR-100019,24.661407,46.618615,0.527,0,0,5.36,0.98,0,0,12.49,3.65,21.04,6.09,0
MTR-100020,24.741563,46.788016,0.353,0,0,1.02,0.15,0,0,12.33,4.58,22.88,1.0,0
MTR-100021,24.623473,46.588064,0.292,0,0,6.14,1.75,0,0,13.26,4.12,24.25,1.0,0
MTR-100022,24.661636,46.658384,0.329,0,0,2.65,0.73,0,0,11.68,4.18,26.66,3.64,0
MTR-100023,24.68019,46.786204,0.257,0,0,1.49,2.19,0,0,11.67,3.61,22.38,1.71,0
MTR-100024,24.702617,46.655232,0.41,0,0,9.98,0.69,0,0,12.53,4.26,21.29,3.12,0
MTR-100025,24.784894,46.709931,0.526,0,0,3.04,2.54,1,0,25.46,15.71,85.83,1.49,0
MTR-100026,24.638518,46.649699,0.299,0,0,9.05,2.11,0,0,12.47,4.54,21.52,3.63,0
MTR-100027,24.717159,46.618854,0.353,0,0,11.21,-0.32,0,1,13.99,7.51,43.44,3.44,6
MTR-100028,24.736704,46.796294,0.206,0,0,10.65,-0.63,0,0,11.65,3.47,19.07,4.43,0
MTR-100029,24.600213,46.652634,0.741,1,1,11.05,2.94,1,0,21.51,11.6,63.53,4.75,0
MTR-100030,24.740486,46.773825,0.335,0,0,4.45,0.67,0,0,12.51,4.54,22.6,1.0,0
MTR-100031,24.631231,46.607789,0.554,1,0,6.56,2.37,1,0,23.66,14.44,78.34,1.15,0
MTR-100032,24.604863,46.603576,0.181,1,1,1.98,1.86,0,1,14.18,7.1,37.96,0.87,6
MTR-100033,24.825821,46.558084,0.058,0,0,10.56,1.54,0,0,12.7,3.76,21.82,4.59,0
MTR-100034,24.830008,46.713217,0.458,3,0,4.48,1.91,0,1,13.61,7.86,38.32,1.25,6
MTR-100035,24.790699,46.642432,0.258,0,0,2.61,1.38,0,0,12.3,4.31,23.93,2.19,0
MTR-100036,24.664753,46.76639,0.524,0,0,6.24,1.71,0,0,12.32,4.37,22.74,2.14,0
MTR-100037,24.613018,46.668602,0.478,0,0,9.88,1.14,0,0,11.84,4.0,22.42,1.0,0
MTR-100038,24.759658,46.792348,0.018,0,0,4.42,1.8,0,0,12.27,3.7,19.66,3.87,0
MTR-100039,24.698638,46.596681,0.187,0,0,5.32,1.5,0,0,12.39,3.77,21.01,5.03,0
MTR-100040,24.61911,46.767456,0.373,0,0,8.97,2.37,0,0,11.81,4.24,21.66,1.63,0
MTR-100041,24.712394,46.744449,0.063,0,0,0.78,0.49,0,0,12.37,4.31,21.21,1.29,0
MTR-100042,24.597197,46.74303,0.168,0,0,2.63,0.97,0,0,12.86,4.01,21.07,1.16,0
MTR-100043,24.81593,46.761496,0.384,1,0,5.39,3.88,1,0,18.55,10.58,55.06,1.71,0
MTR-100044,24.653295,46.740556,0.282,1,1,10.36,1.28,0,0,13.31,4.97,22.1,3.05,0
MTR-100045,24.754231,46.706855,0.51,0,0,6.21,1.3,0,0,13.52,4.19,22.81,4.29,0
MTR-100046,24.666528,46.583111,0.48,0,1,7.02,1.13,0,0,12.7,4.9,31.51,2.06,0
MTR-100047,24.718617,46.558432,0.18,0,1,7.58,1.25,0,0,13.12,4.29,22.3,6.4,0
MTR-100048,24.725278,46.780512,0.614,0,0,8.42,0.55,0,0,12.8,4.37,23.38,3.13,0
MTR-100049,24.634814,46.704463,0.231,0,0,5.63,0.66,0,0,12.37,4.19,21.12,3.16,0
MTR-100050,24.830996,46.749434,0.207,0,0,10.85,0.49,0,0,12.49,4.5,24.37,3.05,0
MTR-100051,24.782383,46.670681,0.704,0,1,2.22,2.0,0,1,13.4,6.66,27.53,1.54,6
MTR-100052,24.823475,46.579627,0.2,0,0,0.87,0.35,0,0,12.73,4.44,21.97,2.62,0
MTR-100053,24.812307,46.581596,0.102,0,0,0.78,2.21,0,0,12.79,4.04,21.34,1.0,0
MTR-100054,24.738075,46.721691,0.379,0,0,8.88,1.77,0,0,11.57,4.36,24.3,1.0,0
MTR-100055,24.819069,46.657876,0.35,0,0,9.59,1.09,0,0,12.17,4.66,22.25,1.0,0
MTR-100056,24.610723,46.600431,0.021,0,0,6.02,0.65,0,0,11.64,4.48,20.99,3.96,0
MTR-100057,24.637596,46.673199,0.059,0,1,11.32,1.98,0,0,11.73,3.57,19.96,4.0,0
MTR-100058,24.599907,46.566352,0.127,1,0,1.76,0.93,0,0,12.13,4.65,23.49,3.77,0
MTR-100059,24.669933,46.695793,0.265,0,1,4.71,1.48,0,0,12.09,4.84,24.19,1.53,0
MTR-100060,24.685769,46.617548,0.589,0,0,10.37,1.1,0,1,12.8,6.91,32.24,0.01,6
MTR-100061,24.656437,46.74969,0.38,0,3,4.9,3.94,1,0,18.73,10.12,55.65,2.1,0
MTR-100062,24.795784,46.62789,0.386,0,0,8.51,0.55,0,0,12.12,4.51,25.2,3.22,0
MTR-100063,24.677788,46.664105,0.177,0,0,0.72,0.56,0,0,12.57,4.47,26.92,4.38,0
MTR-100064,24.658834,46.553205,0.372,0,0,5.63,0.85,0,0,12.22,3.74,20.08,1.0,0
MTR-100065,24.724274,46.568412,0.281,0,0,11.21,1.66,0,0,12.96,4.45,24.44,4.86,0
MTR-100066,24.623831,46.648423,0.322,0,0,10.75,1.59,0,0,11.86,4.06,20.29,4.05,0
MTR-100067,24.789149,46.670285,0.201,0,0,8.0,0.96,0,0,11.95,4.38,20.51,2.6,0
MTR-100068,24.607238,46.700305,0.136,1,1,3.29,1.55,0,0,13.38,3.98,22.08,1.62,0
MTR-100069,24.835322,46.623216,0.369,0,0,1.68,0.58,0,0,12.28,4.53,21.54,1.0,0
MTR-100070,24.781661,46.724045,0.35,0,0,9.78,1.27,0,0,13.22,4.37,26.23,4.17,0
MTR-100071,24.638279,46.765331,0.327,0,1,3.28,-0.07,0,1,12.88,6.95,26.72,0.08,6
MTR-100072,24.589981,46.745263,0.482,0,0,5.89,1.82,1,0,25.85,14.74,79.79,0.75,0
MTR-100073,24.792465,46.560205,0.249,0,0,8.35,0.7,0,0,12.43,3.85,25.05,6.56,0
MTR-100074,24.765314,46.670427,0.252,0,0,0.59,2.2,0,0,12.5,4.34,23.7,2.09,0
MTR-100075,24.770852,46.576533,0.619,0,0,8.05,2.44,1,0,20.28,11.12,61.28,2.02,0
MTR-100076,24.781418,46.610811,0.07,0,1,9.9,-0.24,0,0,12.79,4.26,23.66,2.09,0
MTR-100077,24.607111,46.796966,0.648,3,1,11.46,3.38,1,0,20.84,12.05,62.02,3.32,0
MTR-100078,24.678216,46.585924,0.329,0,0,6.06,0.9,0,0,12.3,4.69,23.67,3.99,0
MTR-100079,24.617567,46.675022,0.906,1,1,2.86,2.31,1,0,23.23,13.71,68.74,4.0,0
MTR-100080,24.804376,46.704839,0.118,1,3,8.56,1.08,0,0,12.69,4.4,26.02,4.44,0
MTR-100081,24.744425,46.725916,0.426,1,0,2.87,2.36,1,0,21.32,8.64,45.7,2.84,0
MTR-100082,24.671325,46.690212,0.348,0,2,8.63,1.08,0,1,12.76,7.22,33.92,0.82,6
MTR-100083,24.60449,46.552743,0.066,1,1,6.77,1.08,0,0,12.27,4.21,22.64,4.84,0
MTR-100084,24.666346,46.631915,0.342,1,0,9.4,0.94,0,0,12.06,4.77,20.44,1.0,0
MTR-100085,24.669896,46.679728,0.287,0,0,1.45,0.58,0,1,12.37,6.63,27.13,0.18,6
MTR-100086,24.771002,46.572267,0.455,2,0,4.06,0.81,0,0,11.48,3.93,20.9,3.51,0
MTR-100087,24.747989,46.637957,0.848,0,0,11.01,2.65,1,0,21.01,11.27,57.27,2.89,0
MTR-100088,24.810403,46.558601,0.045,1,0,6.26,1.55,0,0,12.57,4.58,24.35,2.48,0
MTR-100089,24.706654,46.569945,0.484,0,0,2.35,1.29,0,0,12.01,4.63,22.36,3.68,0
MTR-100090,24.618499,46.649531,0.226,0,0,2.54,1.29,0,0,12.12,4.37,23.1,1.0,0
MTR-100091,24.766911,46.583479,0.19,0,0,1.16,-0.07,0,0,12.67,4.19,23.38,2.54,0
MTR-100092,24.778796,46.692185,0.213,0,0,6.7,1.82,0,0,12.38,4.57,21.76,1.0,0
MTR-100093,24.728919,46.722666,0.352,0,0,9.5,1.03,0,0,12.62,3.95,23.1,2.83,0
MTR-100094,24.781342,46.750447,0.146,0,0,11.76,1.32,0,0,13.03,4.21,24.82,4.34,0
MTR-100095,24.712049,46.600338,0.463,0,0,6.57,0.59,0,0,12.54,4.08,22.1,3.36,0
MTR-100096,24.719283,46.592171,0.323,0,1,8.91,-0.19,0,0,12.79,3.92,25.13,5.68,0
MTR-100097,24.695485,46.576442,0.616,1,0,1.11,2.89,1,0,20.08,9.52,50.54,2.53,0
MTR-100098,24.594955,46.709408,0.231,0,0,7.07,2.07,0,1,11.48,7.22,35.4,0.15,6
MTR-100099,24.615573,46.726919,0.586,0,1,1.78,0.9,0,0,12.7,4.38,23.67,4.23,0
MTR-100100,24.596457,46.558197,0.538,0,0,8.88,3.37,1,0,18.78,9.14,52.04,1.01,0
MTR-100101,24.747703,46.784353,0.199,0,0,4.47,0.37,0,0,11.85,3.97,23.37,3.14,0
MTR-100102,24.667189,46.563293,0.093,0,1,1.78,1.18,0,0,12.26,4.44,22.28,2.78,0
MTR-100103,24.715743,46.685624,0.134,0,1,9.69,-0.46,0,1,14.95,7.79,36.23,0.15,6
MTR-100104,24.815492,46.727565,0.379,0,1,1.4,1.06,0,0,11.99,4.12,21.17,4.13,0
MTR-100105,24.650923,46.768042,0.268,0,1,10.82,2.58,0,0,12.97,3.43,19.24,4.81,0
MTR-100106,24.691196,46.728822,0.812,2,1,10.87,2.85,1,0,19.21,10.36,49.16,4.36,0
MTR-100107,24.777488,46.750732,0.321,0,0,8.49,0.52,0,0,12.48,4.46,23.0,1.16,0
MTR-100108,24.6458,46.635163,0.526,0,0,6.09,3.86,1,0,23.18,13.92,66.88,1.81,0
MTR-100109,24.607845,46.754006,0.288,2,0,10.2,3.32,1,0,26.93,19.29,92.5,1.6,0
MTR-100110,24.661038,46.570329,0.393,2,0,2.6,0.31,0,0,12.83,4.13,25.82,3.69,0
MTR-100111,24.628905,46.774004,0.564,1,0,1.68,2.86,1,0,25.69,16.38,83.24,3.27,0
MTR-100112,24.821024,46.687198,0.356,0,0,1.02,1.08,0,0,13.14,3.45,19.07,2.76,0
MTR-100113,24.79063,46.754624,0.088,0,0,11.07,1.18,0,0,12.72,4.04,22.63,1.92,0
MTR-100114,24.746951,46.66338,0.307,0,0,5.55,1.18,0,0,12.54,4.21,24.44,1.0,0
MTR-100115,24.806465,46.711194,0.561,1,0,4.02,3.09,1,0,21.38,10.9,59.3,1.77,0
MTR-100116,24.789518,46.681901,0.351,0,0,9.23,1.04,0,0,12.94,3.59,22.45,4.84,0
MTR-100117,24.635243,46.733197,0.29,1,1,7.33,3.05,0,0,12.89,4.08,22.11,3.15,0
MTR-100118,24.81174,46.570707,0.307,0,1,0.91,0.95,0,0,12.01,4.19,22.13,2.24,0
MTR-100119,24.723436,46.565388,0.459,0,1,11.45,1.07,0,0,12.9,4.36,22.92,3.83,0
MTR-100120,24.79046,46.612076,0.541,0,0,2.36,0.92,0,0,11.96,3.85,19.16,1.0,0
MTR-100121,24.812623,46.590186,0.161,0,0,3.12,0.96,0,0,12.95,3.97,22.38,5.7,0
MTR-100122,24.668101,46.768246,0.082,1,0,11.49,2.01,0,0,12.26,3.81,24.42,3.43,0
MTR-100123,24.616113,46.605103,0.185,0,1,9.61,0.46,0,0,12.74,3.92,21.82,2.84,0
MTR-100124,24.645584,46.794266,0.79,1,0,1.39,3.4,1,0,25.68,14.73,78.54,5.05,0
MTR-100125,24.695377,46.634524,0.22,0,0,11.17,0.23,0,0,13.11,4.25,26.47,1.38,0
MTR-100126,24.793104,46.595829,0.115,0,1,8.48,1.21,0,0,12.51,4.49,24.72,3.94,0
MTR-100127,24.803783,46.747725,0.212,0,1,10.62,-0.48,0,1,12.97,6.81,29.6,0.03,6
MTR-100128,24.590338,46.714977,0.307,0,0,7.63,1.83,0,0,12.3,4.41,27.11,1.0,0
MTR-100129,24.716287,46.674849,0.582,0,0,5.93,0.58,0,1,12.48,7.43,29.42,0.3,6
MTR-100130,24.692953,46.689141,0.404,0,2,6.6,1.13,0,0,12.95,4.11,22.29,1.75,0
MTR-100131,24.644127,46.7301,0.476,1,0,6.9,3.76,1,0,21.87,12.09,61.17,1.29,0
MTR-100132,24.618566,46.607414,0.27,0,0,2.8,1.89,0,0,12.98,4.25,24.69,4.77,0
MTR-100133,24.673004,46.799383,0.561,0,1,9.5,1.18,0,0,12.18,4.11,21.45,1.18,0
MTR-100134,24.824327,46.793998,0.505,0,1,4.72,0.69,0,0,12.95,4.4,28.78,1.0,0
MTR-100135,24.669401,46.712881,0.79,0,3,8.09,1.79,1,0,25.28,17.64,91.67,1.88,0
MTR-100136,24.718298,46.600186,0.384,0,0,6.3,1.45,0,0,13.59,3.58,22.72,6.31,0
MTR-100137,24.764355,46.720357,0.458,1,0,11.14,1.32,0,0,12.44,4.81,22.99,3.04,0
MTR-100138,24.679507,46.56835,0.175,0,1,4.65,3.02,0,0,13.0,4.33,22.04,5.28,0
MTR-100139,24.831546,46.557963,0.383,0,0,4.3,0.34,0,0,12.25,3.36,21.95,4.98,0
MTR-100140,24.829212,46.614721,0.311,0,0,3.0,1.43,0,0,12.21,4.58,20.96,1.49,0
MTR-100141,24.651546,46.665956,0.47,0,1,8.47,0.68,0,0,12.91,4.03,22.18,3.08,0
MTR-100142,24.712912,46.767368,0.369,0,1,8.61,3.36,1,0,20.65,11.3,53.18,2.79,0
MTR-100143,24.66382,46.732092,0.015,1,0,7.29,1.04,0,0,12.25,4.24,23.07,1.0,0
MTR-100144,24.65981,46.735977,0.369,0,0,8.55,1.03,0,0,11.84,4.34,21.73,1.41,0
MTR-100145,24.597822,46.656673,0.056,0,0,3.21,2.08,0,0,13.22,3.49,19.39,4.77,0
MTR-100146,24.740991,46.636784,0.316,0,1,6.39,2.16,0,0,13.67,4.11,21.34,1.72,0
MTR-100147,24.71427,46.64306,0.165,0,0,4.95,0.18,0,0,12.18,4.59,27.59,2.35,0
MTR-100148,24.60147,46.797212,0.399,1,1,5.47,2.21,0,0,13.13,4.1,22.7,3.81,0
MTR-100149,24.658262,46.560327,0.198,0,0,1.08,2.28,0,0,12.24,4.42,23.64,1.0,0
MTR-100150,24.815666,46.767058,0.042,0,0,8.02,0.8,0,0,13.57,4.34,27.88,4.2,0
MTR-100151,24.64849,46.694969,0.439,1,0,1.3,2.77,0,0,13.61,4.82,26.71,5.57,0
MTR-100152,24.624824,46.659954,0.316,0,0,6.34,2.36,1,0,21.04,12.75,68.97,2.52,0
MTR-100153,24.710963,46.731614,0.336,0,0,4.75,2.0,0,1,13.06,7.72,33.08,0.47,6
MTR-100154,24.835013,46.671967,0.361,0,0,7.42,1.32,0,0,12.36,3.93,22.93,3.89,0
MTR-100155,24.649114,46.768656,0.064,0,0,11.93,1.61,0,1,13.25,6.29,25.34,0.0,6
MTR-100156,24.756634,46.775475,0.254,0,0,10.59,1.01,0,0,12.11,4.37,23.39,1.0,0
MTR-100157,24.779005,46.65573,0.38,0,0,6.46,0.93,0,0,12.91,4.85,26.17,2.74,0
MTR-100158,24.648009,46.619507,0.089,0,0,3.8,1.91,0,0,12.71,4.31,24.2,4.36,0
MTR-100159,24.770654,46.698388,0.509,0,0,3.25,1.56,0,0,12.12,3.58,20.29,4.04,0
MTR-100160,24.680546,46.778391,0.445,0,2,5.64,3.53,1,0,20.47,10.97,58.48,2.24,0
MTR-100161,24.746676,46.602966,0.387,0,0,6.44,0.71,0,0,12.54,3.89,19.88,2.57,0
MTR-100162,24.746982,46.706042,0.476,0,1,3.14,2.38,0,0,12.54,4.31,24.54,3.0,0
MTR-100163,24.722544,46.70819,0.172,0,0,5.13,0.96,0,0,12.46,3.43,23.53,3.38,0
MTR-100164,24.611172,46.733578,0.24,0,0,3.51,0.98,0,0,12.66,4.62,22.46,1.24,0
MTR-100165,24.797426,46.583192,0.139,1,0,7.86,1.35,0,0,12.99,4.1,22.75,5.06,0
MTR-100166,24.668795,46.729256,0.389,0,0,1.86,1.84,0,0,12.7,4.17,21.98,1.08,0
MTR-100167,24.63523,46.777558,0.788,0,1,11.21,0.49,0,0,12.49,3.81,21.65,3.72,0
MTR-100168,24.598794,46.595221,0.337,0,0,4.57,1.74,1,0,26.96,15.9,99.8,3.75,0
MTR-100169,24.736323,46.609686,0.425,0,0,3.7,3.56,1,0,20.31,11.94,68.61,1.34,0
MTR-100170,24.757991,46.793149,0.68,0,0,8.82,1.11,0,0,13.61,3.91,21.09,2.53,0
MTR-100171,24.592747,46.595544,0.4,0,0,4.87,3.57,1,0,18.33,9.54,51.2,1.34,0
MTR-100172,24.716623,46.763896,0.193,0,0,5.84,1.83,0,0,12.58,3.82,22.91,4.1,0
MTR-100173,24.645224,46.673369,0.098,0,1,11.87,0.65,0,0,11.73,4.02,20.73,3.97,0
MTR-100174,24.749893,46.612108,0.223,0,0,7.64,0.52,0,0,12.14,3.37,19.18,3.53,0
MTR-100175,24.632192,46.767987,0.075,0,0,8.21,1.57,0,0,12.36,4.15,19.45,1.0,0
MTR-100176,24.761334,46.661626,0.394,0,0,5.59,1.18,0,1,13.17,7.29,29.04,0.77,6
MTR-100177,24.685284,46.679004,0.202,0,1,0.89,1.48,0,0,12.23,4.44,20.39,2.36,0
MTR-100178,24.822782,46.640108,0.136,0,0,11.24,0.46,0,0,12.19,3.19,18.55,2.29,0
MTR-100179,24.62298,46.698538,0.305,1,0,6.44,0.52,0,0,13.17,4.35,22.96,4.15,0
MTR-100180,24.673867,46.591181,0.367,0,0,4.25,2.83,0,0,12.99,3.95,22.48,5.42,0
MTR-100181,24.616968,46.64807,0.367,1,0,9.19,2.45,1,0,18.15,9.97,55.38,3.12,0
MTR-100182,24.819773,46.792653,0.296,0,0,1.13,0.33,0,0,13.13,4.36,22.32,3.12,0
MTR-100183,24.807935,46.614833,0.153,0,0,10.27,2.08,0,0,13.46,4.23,22.63,4.55,0
MTR-100184,24.653085,46.714484,0.347,0,2,6.22,1.44,0,0,12.47,4.6,23.28,3.24,0
MTR-100185,24.753596,46.631598,0.223,0,1,9.62,2.31,0,0,13.13,4.01,21.68,4.45,0
MTR-100186,24.792906,46.743668,0.466,0,1,4.17,1.28,0,0,12.6,3.59,20.72,3.34,0
MTR-100187,24.7274,46.583018,0.377,0,0,4.81,0.96,0,0,12.48,3.57,22.35,2.26,0
MTR-100188,24.721013,46.792755,0.344,0,0,10.65,1.58,0,0,12.25,3.74,22.57,4.25,0
MTR-100189,24.649063,46.663747,0.217,1,0,1.89,1.56,0,0,12.13,4.71,24.35,3.77,0
MTR-100190,24.611876,46.609313,0.715,0,1,10.58,2.62,1,0,24.32,15.33,85.78,1.73,0
MTR-100191,24.812904,46.568674,0.425,0,0,9.36,3.91,1,0,19.4,9.62,47.85,2.04,0
MTR-100192,24.813705,46.592739,0.275,0,2,8.49,0.5,0,0,12.71,3.96,22.35,1.23,0
MTR-100193,24.746875,46.680243,0.09,0,0,4.4,1.51,0,0,12.47,3.69,22.92,4.71,0
MTR-100194,24.673357,46.634551,0.664,1,0,5.21,1.88,0,0,12.57,4.6,22.77,2.16,0
MTR-100195,24.675902,46.757521,0.759,1,0,3.98,1.96,1,0,17.82,9.23,51.4,1.58,0
MTR-100196,24.770089,46.658022,0.296,0,0,8.28,0.04,0,0,11.25,3.96,21.47,3.16,0
MTR-100197,24.812878,46.612479,0.087,0,1,3.63,0.79,0,0,12.33,3.81,22.5,4.41,0
MTR-100198,24.810372,46.704586,0.256,0,0,9.68,-0.51,0,0,11.92,4.38,20.62,2.61,0
MTR-100199,24.783569,46.726994,0.39,0,0,1.58,1.49,0,0,12.39,4.58,28.25,1.0,0
MTR-100200,24.749108,46.59206,0.678,2,0,0.76,1.35,0,0,13.4,3.89,26.75,4.04,0
MTR-100201,24.609635,46.592205,0.659,0,1,5.05,0.45,0,0,11.15,4.3,19.69,1.0,0
MTR-100202,24.629007,46.559468,0.224,0,0,8.3,-0.01,0,0,12.12,4.01,20.95,4.41,0
MTR-100203,24.813239,46.734401,0.356,0,0,3.2,1.59,0,0,13.44,5.01,25.99,1.47,0
MTR-100204,24.740207,46.716251,0.042,0,1,6.74,0.9,0,0,12.88,4.17,23.73,2.3,0
MTR-100205,24.590899,46.668958,0.088,0,0,7.79,0.47,0,0,12.74,3.73,20.8,1.92,0
MTR-100206,24.613968,46.761343,0.63,0,2,8.09,1.1,0,0,11.38,3.9,20.39,2.23,0
MTR-100207,24.754475,46.751718,0.18,0,0,4.14,2.45,0,0,12.33,4.66,20.79,2.96,0
MTR-100208,24.589865,46.696639,0.216,0,0,4.4,0.3,0,0,11.74,4.19,22.62,2.92,0
MTR-100209,24.628802,46.767368,0.135,0,0,4.59,0.79,0,0,12.89,4.52,24.79,3.41,0
MTR-100210,24.725783,46.60176,0.507,0,0,5.77,2.54,1,0,26.14,18.21,89.44,3.55,0
MTR-100211,24.761574,46.57828,0.17,1,0,7.33,1.19,0,0,11.88,3.75,22.55,4.9,0
MTR-100212,24.75159,46.617737,0.393,0,0,1.49,1.96,0,0,12.42,4.32,21.61,1.18,0
MTR-100213,24.644667,46.564572,0.116,2,0,8.72,2.73,0,0,12.64,3.94,20.46,1.05,0
MTR-100214,24.766645,46.683092,0.101,1,0,8.74,1.99,0,0,12.4,4.62,21.84,1.97,0
MTR-100215,24.647912,46.784451,0.154,0,0,11.39,0.86,0,0,11.93,4.33,22.28,2.92,0
MTR-100216,24.66995,46.560136,0.162,0,0,10.26,0.56,0,0,12.78,4.31,19.87,2.65,0
MTR-100217,24.775223,46.580827,0.165,0,1,1.21,0.62,0,0,13.88,3.81,24.14,6.29,0
MTR-100218,24.751008,46.66335,0.554,1,1,1.26,3.84,1,0,20.77,10.67,66.63,3.51,0
MTR-100219,24.800906,46.783769,0.112,0,0,5.92,1.06,0,0,12.55,4.14,23.16,4.12,0
MTR-100220,24.753003,46.629339,0.59,0,1,11.68,2.7,1,0,23.53,12.98,66.43,7.2,0
MTR-100221,24.730677,46.677109,0.433,1,0,4.61,2.74,1,0,19.15,11.96,64.58,2.85,0
MTR-100222,24.612019,46.560693,0.056,1,0,7.57,1.94,0,0,12.7,4.12,19.72,3.42,0
MTR-100223,24.680529,46.587386,0.354,0,1,0.8,2.56,1,0,25.32,13.23,81.48,3.49,0
MTR-100224,24.654901,46.796958,0.44,1,1,6.8,0.58,0,0,13.04,4.56,22.41,2.77,0
MTR-100225,24.649597,46.79158,0.183,0,0,7.45,1.87,0,1,14.58,7.43,33.63,0.66,6
MTR-100226,24.831853,46.551535,0.403,1,0,3.58,1.57,0,0,12.37,4.33,23.19,1.72,0
MTR-100227,24.686874,46.788253,0.437,0,0,11.46,2.25,0,0,12.48,3.82,20.89,4.28,0
MTR-100228,24.811612,46.71008,0.76,1,0,7.6,-0.11,0,0,12.67,4.17,20.72,2.12,0
MTR-100229,24.746385,46.76728,0.394,0,0,6.28,0.11,0,0,12.21,4.07,20.32,3.0,0
MTR-100230,24.787303,46.663985,0.197,0,0,10.32,-0.95,0,0,13.01,4.37,22.26,4.74,0
MTR-100231,24.714259,46.679199,0.707,0,1,8.0,0.85,0,0,13.0,4.08,24.87,4.34,0
MTR-100232,24.732826,46.672512,0.393,0,0,11.92,1.19,0,0,12.69,4.15,24.86,3.38,0
MTR-100233,24.711729,46.717016,0.41,0,0,8.43,0.59,0,0,12.35,4.09,24.26,6.16,0
MTR-100234,24.637411,46.585213,0.191,1,0,2.73,1.91,0,0,12.1,4.37,25.6,1.07,0
MTR-100235,24.769213,46.557793,0.449,0,0,0.72,0.71,0,0,12.8,3.94,21.57,3.38,0
MTR-100236,24.658793,46.627282,0.144,0,0,2.45,0.11,0,1,15.19,6.05,27.94,0.11,6
MTR-100237,24.594679,46.72647,0.328,0,1,10.56,2.09,0,0,12.66,3.5,23.38,6.28,0
MTR-100238,24.749968,46.600763,0.221,1,0,4.51,0.5,0,1,13.98,8.09,30.79,0.4,6
MTR-100239,24.632878,46.718658,0.532,1,0,4.71,2.38,0,0,12.22,4.14,23.26,4.11,0
MTR-100240,24.823715,46.792778,0.168,0,0,4.64,1.53,0,0,12.25,3.76,20.33,3.88,0
MTR-100241,24.827082,46.573775,0.128,0,0,7.84,-0.1,0,0,12.85,4.7,27.17,3.7,0
MTR-100242,24.817316,46.718451,0.796,0,0,8.48,2.57,1,0,21.85,11.1,63.97,4.53,0
MTR-100243,24.68114,46.661238,0.759,0,2,2.95,0.51,0,0,12.63,3.98,21.42,3.32,0
MTR-100244,24.592464,46.767336,0.559,1,0,2.3,1.2,0,0,13.13,3.97,22.51,3.95,0
MTR-100245,24.82068,46.594587,0.346,0,0,8.47,0.75,0,0,12.53,4.42,24.64,4.16,0
MTR-100246,24.695646,46.723456,0.476,1,0,4.6,1.75,0,1,12.74,7.17,29.74,0.09,6
MTR-100247,24.830264,46.759829,0.264,0,0,10.64,0.75,0,0,12.64,3.64,21.36,2.23,0
MTR-100248,24.829505,46.786454,0.093,1,0,9.42,1.37,0,0,12.31,4.38,23.72,4.08,0
MTR-100249,24.801852,46.721112,0.385,1,0,7.49,-0.75,0,0,12.34,4.01,21.51,3.97,0
MTR-100250,24.662212,46.674594,0.078,1,0,6.16,0.53,0,0,11.89,3.84,20.55,3.66,0
MTR-100251,24.684874,46.704762,0.801,1,0,5.46,0.15,0,0,13.21,4.77,32.19,1.0,0
MTR-100252,24.801384,46.767526,0.189,1,0,9.18,0.54,0,0,12.61,4.46,22.04,1.64,0
MTR-100253,24.667831,46.692952,0.13,0,0,10.54,0.93,0,0,11.56,4.05,21.35,2.84,0
MTR-100254,24.630973,46.557897,0.45,0,2,6.58,0.39,0,0,12.37,3.98,21.84,3.59,0
MTR-100255,24.7278,46.783037,0.268,0,1,10.68,1.61,0,0,12.14,4.79,25.99,3.95,0
MTR-100256,24.822639,46.722682,0.676,1,0,8.31,4.04,1,0,23.12,13.37,74.94,2.33,0
MTR-100257,24.762607,46.719428,0.521,0,0,11.19,2.97,1,0,21.47,10.53,52.39,2.95,0
MTR-100258,24.731115,46.604219,0.092,1,0,7.9,1.34,0,0,12.43,4.69,24.56,3.22,0
MTR-100259,24.612894,46.715021,0.62,0,3,7.27,1.35,0,0,12.19,4.63,24.65,4.25,0
MTR-100260,24.742352,46.648766,0.642,0,0,11.37,0.42,0,0,13.06,4.24,21.85,1.0,0
MTR-100261,24.836113,46.713108,0.447,0,0,4.47,3.45,1,0,23.06,15.34,68.82,0.88,0
MTR-100262,24.623621,46.576948,0.286,0,0,6.0,0.56,0,0,12.34,3.61,19.98,4.46,0
MTR-100263,24.718182,46.714761,0.34,0,0,5.33,2.06,0,0,12.18,4.08,22.57,4.4,0
MTR-100264,24.807943,46.800153,0.335,0,0,2.83,1.91,0,0,12.96,3.46,20.28,4.98,0
MTR-100265,24.773792,46.562353,0.443,0,1,1.9,2.08,0,0,13.01,4.74,25.47,2.01,0
MTR-100266,24.762854,46.794594,0.026,0,0,8.75,1.23,0,0,12.92,4.38,24.24,2.24,0
MTR-100267,24.764221,46.652027,0.746,0,1,5.43,1.52,0,0,13.57,3.66,22.43,6.98,0
MTR-100268,24.678473,46.767988,0.299,0,0,9.47,2.28,0,0,11.65,4.54,24.19,1.49,0
MTR-100269,24.661998,46.745896,0.222,1,1,6.82,1.28,0,0,11.86,4.17,25.96,1.75,0
MTR-100270,24.79094,46.692054,0.082,0,0,5.94,1.98,0,0,12.36,4.12,21.85,1.0,0
MTR-100271,24.791128,46.734912,0.063,0,0,6.11,1.07,0,0,12.7,5.03,23.92,2.02,0
MTR-100272,24.805368,46.769929,0.203,0,0,2.34,0.86,0,0,11.82,3.69,19.69,3.03,0
MTR-100273,24.81691,46.651335,0.11,0,0,9.07,0.27,0,0,12.17,4.33,22.34,3.17,0
MTR-100274,24.716436,46.632058,0.443,2,1,6.55,3.1,1,0,19.86,9.32,49.45,1.52,0
MTR-100275,24.713979,46.717198,0.306,0,0,4.15,0.84,0,0,12.16,4.28,23.35,1.79,0
MTR-100276,24.788174,46.752261,0.105,0,0,2.94,0.24,0,0,11.9,4.65,22.85,1.84,0
MTR-100277,24.751091,46.740871,0.328,2,0,5.02,0.83,0,0,12.04,3.9,21.39,3.83,0
MTR-100278,24.764092,46.749753,0.306,1,0,10.12,1.14,0,0,12.96,3.94,23.16,1.92,0
MTR-100279,24.787548,46.659196,0.272,0,0,4.52,1.54,0,0,13.0,4.42,22.75,1.25,0
MTR-100280,24.811101,46.754759,0.409,0,0,3.09,1.95,0,0,11.82,4.43,19.97,1.0,0
MTR-100281,24.673099,46.580352,0.284,0,0,2.58,3.79,1,0,22.77,12.53,74.07,1.83,0
MTR-100282,24.682496,46.686422,0.277,0,0,1.84,0.11,0,0,11.99,4.06,20.5,1.41,0
MTR-100283,24.612095,46.55174,0.157,1,0,11.82,1.52,0,0,13.17,3.96,23.21,4.47,0
MTR-100284,24.73317,46.631446,0.441,0,0,11.77,1.69,0,0,12.89,4.3,26.56,1.62,0
MTR-100285,24.597586,46.641915,0.156,1,0,6.69,2.46,0,0,12.61,4.6,20.74,3.2,0
MTR-100286,24.705,46.649343,0.327,0,0,4.28,1.02,0,0,12.88,4.53,23.62,2.08,0
MTR-100287,24.724261,46.724167,0.25,0,0,11.07,1.95,0,0,12.25,3.79,21.63,5.48,0
MTR-100288,24.660235,46.64744,0.174,0,0,5.15,1.45,0,0,12.85,4.43,24.55,2.47,0
MTR-100289,24.736308,46.662473,0.417,0,2,8.74,1.13,0,0,11.28,3.17,18.31,5.07,0
MTR-100290,24.596225,46.609686,0.3,0,0,0.93,1.09,0,0,12.64,4.23,20.47,2.11,0
MTR-100291,24.597937,46.643613,0.424,0,0,8.02,0.73,0,0,13.2,4.09,23.8,3.16,0
MTR-100292,24.79425,46.607117,0.541,0,0,8.61,1.61,0,0,12.45,4.58,22.8,2.02,0
MTR-100293,24.678648,46.568599,0.111,2,0,10.37,1.59,0,0,12.38,4.34,21.89,4.46,0
MTR-100294,24.620365,46.701162,0.179,0,1,10.54,1.47,0,1,12.69,7.75,30.6,0.24,6
MTR-100295,24.719161,46.717353,0.371,1,1,0.55,1.65,0,0,12.72,4.46,24.37,1.0,0
MTR-100296,24.781098,46.705173,0.17,0,0,9.47,0.44,0,0,12.07,4.12,22.58,1.94,0
MTR-100297,24.642555,46.666174,0.386,0,0,5.2,0.7,0,0,11.88,3.71,20.2,1.45,0
MTR-100298,24.744323,46.645246,0.611,0,2,11.22,3.35,1,0,21.73,10.99,61.32,3.63,0
MTR-100299,24.609937,46.766133,0.283,0,0,4.69,2.26,1,0,23.44,10.78,54.83,1.67,0
MTR-100300,24.60152,46.68007,0.227,0,0,1.61,0.85,0,0,11.13,5.22,23.52,1.89,0
MTR-100301,24.721439,46.670095,0.396,0,1,9.19,0.67,0,1,14.28,9.69,39.48,1.18,6
MTR-100302,24.723759,46.556711,0.408,0,0,7.48,0.53,0,0,11.89,3.55,20.83,4.32,0
MTR-100303,24.747957,46.635612,0.359,2,0,6.91,-0.1,0,0,12.79,4.67,24.23,1.0,0
MTR-100304,24.770123,46.645349,0.491,0,0,8.6,3.47,1,0,23.5,12.92,63.42,1.8,0
MTR-100305,24.832563,46.650006,0.263,3,0,6.8,3.11,1,0,27.77,18.34,88.27,2.42,0
MTR-100306,24.717675,46.695343,0.075,0,1,1.94,3.2,0,0,12.24,3.94,21.4,4.4,0
MTR-100307,24.669339,46.683701,0.327,1,0,11.3,1.1,0,0,11.8,4.22,20.71,2.18,0
MTR-100308,24.787397,46.702276,0.626,1,1,8.44,0.02,0,0,12.32,4.23,26.63,3.12,0
MTR-100309,24.656308,46.741521,0.299,1,3,1.16,0.79,0,0,11.83,4.04,24.94,1.91,0
MTR-100310,24.698343,46.753546,0.48,1,0,1.51,1.7,1,0,23.58,11.49,60.01,1.73,0
MTR-100311,24.608214,46.729831,0.719,1,0,5.09,1.48,0,0,13.04,3.64,22.05,6.31,0
MTR-100312,24.594938,46.789181,0.045,0,0,6.75,1.25,0,0,12.73,4.55,23.24,1.0,0
MTR-100313,24.829262,46.554858,0.039,0,1,10.56,0.61,0,0,11.68,4.19,21.07,1.48,0
MTR-100314,24.797595,46.599244,0.291,0,0,2.39,1.48,0,0,12.29,3.72,20.24,4.69,0
MTR-100315,24.762594,46.552191,0.294,0,0,3.21,0.25,0,0,12.31,4.4,26.21,2.58,0
MTR-100316,24.690838,46.712169,0.77,0,0,2.34,-0.57,0,0,12.77,4.05,24.49,4.75,0
MTR-100317,24.631924,46.774808,0.303,0,0,4.74,-0.15,0,1,12.48,8.73,48.61,0.29,6
MTR-100318,24.627709,46.611171,0.824,1,1,2.03,3.21,1,0,20.4,8.7,43.57,2.68,0
MTR-100319,24.651161,46.782059,0.087,0,0,10.42,1.23,0,0,11.91,4.59,19.32,1.0,0
MTR-100320,24.725907,46.565367,0.829,0,0,10.57,2.86,1,0,22.19,13.29,57.99,1.53,0
MTR-100321,24.767249,46.783909,0.376,0,0,4.34,3.33,1,0,22.36,16.57,111.11,1.59,0
MTR-100322,24.753649,46.638206,0.487,0,0,7.99,3.58,1,0,18.84,10.84,58.24,4.17,0
MTR-100323,24.658583,46.575655,0.197,0,0,3.37,0.11,0,0,11.65,4.25,22.09,3.58,0
MTR-100324,24.827316,46.671768,0.306,0,0,10.95,1.96,0,0,11.74,4.04,21.51,2.48,0
MTR-100325,24.773074,46.614494,0.143,0,0,2.99,1.65,0,0,12.55,4.51,25.52,1.31,0
MTR-100326,24.727189,46.621518,0.423,0,0,3.61,2.48,0,0,13.31,4.79,26.41,3.58,0
MTR-100327,24.74153,46.627122,0.303,0,0,5.33,0.87,0,0,12.9,4.31,24.56,3.69,0
MTR-100328,24.6935,46.751056,0.242,1,0,3.65,0.46,0,0,11.99,4.43,19.67,1.0,0
MTR-100329,24.650533,46.68509,0.528,0,0,4.64,0.33,0,0,12.43,3.6,20.29,5.95,0
MTR-100330,24.677593,46.628127,0.252,1,1,8.19,0.96,0,0,12.54,4.74,26.58,1.18,0
MTR-100331,24.778062,46.702883,0.097,0,0,10.32,1.85,0,0,12.61,4.19,20.33,1.38,0
MTR-100332,24.592198,46.729338,0.044,0,0,5.16,0.74,0,0,12.78,3.69,24.2,5.74,0
MTR-100333,24.617618,46.618456,0.487,1,0,3.26,1.73,0,1,11.72,7.5,30.49,0.58,6
MTR-100334,24.600101,46.653687,0.137,0,0,3.9,2.08,0,1,11.84,6.71,29.85,0.34,6
MTR-100335,24.598782,46.580772,0.886,1,1,0.57,3.77,1,0,22.14,9.99,53.49,3.11,0
MTR-100336,24.802465,46.595587,0.521,0,0,9.5,1.3,0,1,10.79,6.35,24.76,0.5,6
MTR-100337,24.764514,46.720579,0.229,0,1,2.21,0.96,0,0,13.03,4.47,22.78,2.44,0
MTR-100338,24.707143,46.59566,0.13,0,0,2.82,1.69,0,1,13.33,6.56,31.42,0.84,6
MTR-100339,24.613059,46.681591,0.492,0,0,9.58,0.27,0,0,12.33,4.2,24.83,4.94,0
MTR-100340,24.711504,46.727562,0.453,0,0,8.77,0.91,0,0,12.26,4.61,22.08,1.0,0
MTR-100341,24.706968,46.577019,0.567,0,1,11.58,0.42,0,0,12.56,4.25,21.51,2.39,0
MTR-100342,24.6319,46.692128,0.029,0,0,7.38,1.4,0,0,11.83,4.3,26.59,2.8,0
MTR-100343,24.697063,46.614441,0.15,0,0,5.87,0.43,0,0,12.3,4.34,22.1,3.76,0
MTR-100344,24.688226,46.791032,0.803,0,0,1.44,2.0,0,0,12.49,4.57,23.5,1.06,0
MTR-100345,24.742563,46.671186,0.465,1,0,1.25,4.26,1,0,22.07,15.56,79.46,1.58,0
MTR-100346,24.747373,46.751798,0.305,0,0,2.84,1.19,0,0,12.52,3.72,21.07,4.55,0
MTR-100347,24.599926,46.687857,0.152,0,1,3.24,0.26,0,0,12.99,4.37,27.67,3.41,0
MTR-100348,24.682253,46.561153,0.528,1,1,6.1,2.52,1,0,16.92,7.83,41.21,4.07,0
MTR-100349,24.745065,46.708588,0.225,0,0,6.69,0.82,0,0,12.9,3.98,22.21,2.85,0
MTR-100350,24.714384,46.788151,0.183,0,1,2.79,0.35,0,0,13.33,4.36,22.82,3.45,0
MTR-100351,24.802722,46.700703,0.126,0,1,5.24,1.2,0,0,12.86,4.11,21.89,4.22,0
MTR-100352,24.753273,46.755097,0.175,0,0,3.37,1.22,0,0,12.94,4.23,19.97,1.89,0
MTR-100353,24.629334,46.771352,0.418,0,0,4.53,0.55,0,0,12.67,4.04,24.52,4.39,0
MTR-100354,24.606242,46.60732,0.315,0,0,9.27,1.56,1,0,23.06,12.04,73.13,3.38,0
MTR-100355,24.749205,46.603311,0.341,0,0,10.03,1.18,0,0,13.03,4.18,21.59,2.92,0
MTR-100356,24.595228,46.703045,0.092,0,0,6.12,2.06,0,0,13.08,4.47,21.26,3.03,0
MTR-100357,24.735044,46.653057,0.63,1,2,2.12,2.31,1,0,19.24,8.31,45.1,5.51,0
MTR-100358,24.823658,46.760265,0.209,0,1,9.98,1.83,0,0,12.34,4.17,22.54,5.48,0
MTR-100359,24.732469,46.775306,0.262,0,0,7.97,0.73,0,0,12.71,4.76,26.17,1.0,0
MTR-100360,24.685642,46.638655,0.356,0,0,11.42,1.27,0,0,12.71,3.65,23.14,4.55,0
MTR-100361,24.749422,46.609518,0.24,1,0,1.29,0.04,0,0,11.77,3.87,26.66,1.74,0
MTR-100362,24.703163,46.745431,0.293,0,2,7.09,1.34,0,0,11.22,4.39,27.35,1.0,0
MTR-100363,24.725004,46.619002,0.481,1,0,1.38,1.15,0,0,11.67,4.24,22.66,3.42,0
MTR-100364,24.823966,46.755954,0.387,0,1,2.08,1.97,0,0,12.21,4.64,23.83,1.0,0
MTR-100365,24.685126,46.656235,0.255,1,1,1.37,0.71,0,1,14.13,6.59,32.75,0.47,6
MTR-100366,24.828898,46.717187,0.234,0,0,0.83,1.2,0,0,12.69,5.22,25.63,2.17,0
MTR-100367,24.814938,46.574184,0.101,1,0,11.41,1.11,0,0,12.86,4.62,29.72,5.07,0
MTR-100368,24.637548,46.706265,0.414,1,0,10.79,0.52,0,0,11.82,4.71,30.59,3.53,0
MTR-100369,24.60594,46.663242,0.286,0,0,10.37,1.35,0,0,12.39,3.94,21.74,3.69,0
MTR-100370,24.613795,46.696952,0.232,0,0,2.43,-0.43,0,0,12.03,4.32,21.25,2.02,0
MTR-100371,24.593155,46.592304,0.598,0,1,3.26,0.62,0,0,12.96,4.65,29.22,4.49,0
MTR-100372,24.612211,46.734518,0.488,0,0,5.99,1.85,1,0,20.26,10.27,59.91,1.58,0
MTR-100373,24.759352,46.765999,0.411,0,0,8.32,0.64,0,0,12.78,4.37,24.5,3.3,0
MTR-100374,24.606397,46.604485,0.153,0,0,9.43,2.29,0,0,12.67,4.43,22.55,3.71,0
MTR-100375,24.668344,46.574229,0.215,0,0,8.1,1.08,0,0,11.87,3.94,20.06,1.31,0
MTR-100376,24.799819,46.55621,0.127,0,1,11.45,1.15,0,0,12.6,3.42,20.97,4.25,0
MTR-100377,24.594418,46.710793,0.194,0,0,5.2,1.27,0,0,12.7,3.58,20.14,5.01,0
MTR-100378,24.792217,46.702074,0.368,1,0,2.11,2.19,0,0,12.78,4.97,26.27,1.0,0
MTR-100379,24.659064,46.686974,0.151,2,0,0.53,0.56,0,0,13.68,4.27,22.64,5.01,0
MTR-100380,24.618141,46.608287,0.282,1,0,4.24,0.32,0,0,13.61,4.38,26.07,5.38,0
MTR-100381,24.762784,46.648026,0.515,0,0,3.0,2.6,1,0,25.76,13.27,64.15,1.72,0
MTR-100382,24.745836,46.698919,0.081,0,0,0.76,2.5,0,1,13.67,6.96,35.22,0.1,6
MTR-100383,24.807968,46.674492,0.46,0,3,9.41,3.33,1,0,18.84,7.88,39.71,1.41,0
MTR-100384,24.772368,46.797246,0.364,1,0,3.77,2.7,1,0,18.57,9.17,52.13,2.6,0
MTR-100385,24.78947,46.58441,0.229,0,0,2.52,3.18,0,0,13.24,3.67,20.04,1.28,0
MTR-100386,24.659109,46.724086,0.327,0,0,2.2,0.15,0,1,13.94,8.36,36.69,0.86,6
MTR-100387,24.63296,46.65138,0.085,0,0,6.99,-0.38,0,0,12.15,3.66,20.49,4.14,0
MTR-100388,24.776254,46.65735,0.049,0,1,9.12,0.52,0,1,14.2,8.65,34.79,0.1,6
MTR-100389,24.790309,46.729699,0.145,0,1,4.69,1.3,0,1,13.85,7.08,27.99,0.01,6
MTR-100390,24.836226,46.723409,0.044,1,0,10.94,2.08,0,0,12.82,4.23,22.27,4.98,0
MTR-100391,24.691754,46.798114,0.062,0,0,5.46,1.77,0,1,12.84,6.6,31.15,1.31,6
MTR-100392,24.681605,46.582399,0.29,0,0,1.84,2.28,0,0,13.42,4.3,23.23,3.92,0
MTR-100393,24.782703,46.576327,0.506,0,0,3.31,0.41,0,0,12.53,4.83,29.77,1.77,0
MTR-100394,24.673801,46.731385,0.725,0,0,5.42,1.37,0,0,12.37,4.26,22.88,3.06,0
MTR-100395,24.821289,46.694897,0.562,1,0,5.28,1.51,0,0,12.33,3.97,22.15,3.88,0
MTR-100396,24.803203,46.61884,0.108,0,0,3.16,1.71,0,0,12.46,4.42,27.76,5.37,0
MTR-100397,24.695849,46.570155,0.254,0,1,7.7,2.06,0,0,12.8,4.68,23.23,3.88,0
MTR-100398,24.776318,46.571715,0.305,0,1,3.04,2.6,0,1,12.89,7.98,33.77,0.42,6
MTR-100399,24.777236,46.773848,0.583,0,0,2.44,1.21,0,0,12.96,4.36,26.11,3.32,0
MTR-100400,24.614381,46.598267,0.57,0,2,2.32,1.84,1,0,19.61,10.69,55.58,1.72,0
MTR-100401,24.814238,46.631143,0.631,0,0,3.24,0.9,1,0,19.96,11.33,54.6,1.41,0
MTR-100402,24.714913,46.606964,0.511,0,0,9.67,1.43,0,1,14.45,7.28,31.32,0.59,6
MTR-100403,24.795214,46.639049,0.301,0,0,2.68,-0.15,0,1,14.75,8.26,39.29,0.87,6
MTR-100404,24.668612,46.567656,0.269,0,1,7.93,0.77,0,0,12.74,4.23,20.04,3.67,0
MTR-100405,24.812481,46.680065,0.458,1,0,4.46,1.59,0,1,14.94,6.95,28.4,2.07,6
MTR-100406,24.6859,46.567203,0.438,0,0,10.95,1.93,0,0,12.28,4.47,23.61,2.64,0
MTR-100407,24.591309,46.750389,0.293,0,1,6.06,1.25,0,0,12.49,4.57,21.84,1.0,0
MTR-100408,24.814945,46.608728,0.186,0,0,2.59,1.18,0,0,13.12,3.84,22.81,2.97,0
MTR-100409,24.611422,46.685303,0.293,1,0,11.84,1.73,0,0,11.8,4.22,20.19,3.34,0
MTR-100410,24.668428,46.77032,0.214,0,0,5.97,1.3,0,0,12.77,4.3,23.73,1.09,0
MTR-100411,24.826115,46.713019,0.295,0,1,3.44,-0.04,0,0,12.83,4.44,21.34,2.98,0
MTR-100412,24.826252,46.683539,0.127,0,0,6.15,1.24,0,0,12.46,3.97,22.16,3.97,0
MTR-100413,24.731959,46.631383,0.252,1,0,7.49,-0.56,0,0,13.1,4.34,24.89,3.57,0
MTR-100414,24.746559,46.63355,0.478,0,1,11.91,0.35,0,0,12.31,3.84,19.57,4.08,0
MTR-100415,24.700711,46.717672,0.788,1,1,2.68,2.59,1,0,22.81,13.58,76.93,4.34,0
MTR-100416,24.661903,46.798835,0.267,0,1,3.63,0.57,0,0,11.48,3.98,22.28,3.11,0
MTR-100417,24.670766,46.71576,0.284,0,0,6.59,2.25,0,0,12.85,3.85,20.61,5.36,0
MTR-100418,24.75673,46.689746,0.311,0,3,10.18,1.69,0,0,13.01,4.82,23.61,1.0,0
MTR-100419,24.776694,46.732963,0.173,0,0,5.97,2.42,0,0,12.1,3.94,21.29,1.0,0
MTR-100420,24.786495,46.666601,0.514,0,0,5.1,2.64,1,0,24.7,11.08,79.65,4.24,0
MTR-100421,24.786005,46.565336,0.218,1,0,5.55,1.81,0,0,13.45,3.59,22.94,4.69,0
MTR-100422,24.611402,46.690874,0.076,0,0,0.61,1.84,0,0,13.04,4.25,25.52,2.21,0
MTR-100423,24.712205,46.789706,0.372,0,0,8.66,2.02,0,0,11.93,4.29,22.86,3.67,0
MTR-100424,24.60299,46.594126,0.102,0,1,5.94,2.23,0,0,12.66,4.25,24.59,2.69,0
MTR-100425,24.725982,46.722801,0.636,1,0,5.1,2.19,1,0,26.5,17.14,79.08,2.01,0
MTR-100426,24.698983,46.600533,0.044,1,0,7.38,1.04,0,0,12.4,3.36,20.98,5.43,0
MTR-100427,24.810526,46.684257,0.245,0,1,8.15,0.93,0,0,11.96,4.94,24.35,1.0,0
MTR-100428,24.676329,46.574469,0.088,0,0,2.25,0.26,0,0,11.76,3.82,21.84,1.4,0
MTR-100429,24.617867,46.662893,0.155,1,0,9.61,1.21,0,0,13.31,4.22,27.22,5.91,0
MTR-100430,24.624348,46.739341,0.355,0,1,1.33,0.85,0,0,12.51,4.27,20.56,2.18,0
MTR-100431,24.778978,46.637193,0.449,0,0,11.46,0.57,0,0,12.66,3.57,19.23,4.62,0
MTR-100432,24.743155,46.716528,0.185,0,0,1.65,2.23,0,0,12.53,4.59,21.62,1.0,0
MTR-100433,24.613881,46.749162,0.094,0,0,10.22,1.0,0,0,13.01,4.12,22.36,4.01,0
MTR-100434,24.609627,46.782094,0.031,0,0,7.74,0.45,0,0,12.3,4.38,24.1,1.25,0
MTR-100435,24.763842,46.608961,0.481,4,0,6.94,1.92,1,0,16.09,7.18,38.68,2.33,0
MTR-100436,24.606791,46.650129,0.422,0,0,11.58,1.91,0,1,11.83,7.31,33.22,0.26,6
MTR-100437,24.794065,46.588404,0.383,0,1,1.62,1.86,0,0,12.41,4.03,22.99,3.26,0
MTR-100438,24.765161,46.798421,0.098,0,0,3.25,0.98,0,0,13.02,3.65,21.18,1.0,0
MTR-100439,24.608937,46.78205,0.145,1,0,9.11,1.44,0,0,12.61,4.38,24.7,4.05,0
MTR-100440,24.609809,46.685289,0.512,0,0,2.55,1.64,0,0,12.46,4.62,21.62,2.26,0
MTR-100441,24.83526,46.760808,0.74,0,0,7.92,1.99,0,0,12.25,3.69,21.03,4.35,0
MTR-100442,24.682168,46.680539,0.661,0,0,6.05,1.63,1,0,21.06,11.53,58.47,1.25,0
MTR-100443,24.681261,46.706196,0.244,0,0,8.04,0.77,0,1,14.08,7.91,34.16,0.33,6
MTR-100444,24.7918,46.572581,0.504,0,1,10.22,0.96,0,0,12.68,4.49,21.39,4.37,0
MTR-100445,24.825412,46.739118,0.249,0,0,8.55,0.93,0,0,12.41,4.13,20.74,2.14,0
MTR-100446,24.8351,46.582228,0.343,0,0,2.6,3.61,1,0,20.25,9.83,49.67,1.25,0
MTR-100447,24.776945,46.756817,0.375,0,0,6.52,0.36,0,0,13.43,3.93,25.43,4.98,0
MTR-100448,24.682665,46.745807,0.459,0,0,9.11,0.12,0,0,12.67,3.49,21.39,4.83,0
MTR-100449,24.609475,46.727486,0.425,1,0,8.35,1.68,0,0,12.83,3.98,23.16,6.31,0
MTR-100450,24.782887,46.55934,0.564,1,1,9.99,1.66,0,0,12.6,4.32,21.93,1.0,0
MTR-100451,24.728201,46.626082,0.383,0,3,7.65,0.74,0,0,12.39,3.92,19.43,3.42,0
MTR-100452,24.694656,46.616078,0.053,0,0,7.55,0.93,0,0,11.34,4.32,23.92,3.4,0
MTR-100453,24.815189,46.640334,0.504,0,0,9.95,3.47,1,0,19.27,11.25,53.98,0.98,0
MTR-100454,24.616399,46.572211,0.075,0,0,4.73,1.79,0,0,12.64,4.56,21.78,3.01,0
MTR-100455,24.711756,46.784539,0.223,0,0,10.78,1.09,0,0,13.01,4.1,23.96,1.24,0
MTR-100456,24.591438,46.688751,0.219,0,0,10.7,1.89,0,0,12.62,4.15,20.88,2.47,0
MTR-100457,24.705765,46.626681,0.176,0,0,3.66,2.1,0,0,12.57,4.13,22.86,4.97,0
MTR-100458,24.602676,46.649545,0.338,0,0,2.66,0.41,0,0,12.61,4.12,22.89,3.0,0
MTR-100459,24.618304,46.662101,0.34,0,1,7.91,-0.13,0,0,12.57,4.51,27.35,2.59,0
MTR-100460,24.617982,46.700449,0.582,1,1,10.16,4.21,1,0,20.65,8.45,51.36,7.07,0
MTR-100461,24.750903,46.67922,0.676,1,0,2.15,-0.37,0,0,12.94,4.34,22.9,3.31,0
MTR-100462,24.775111,46.780148,0.213,0,0,8.9,0.63,0,1,11.89,7.54,36.54,0.85,6
MTR-100463,24.734442,46.674541,0.354,0,0,1.62,1.31,0,0,12.38,4.79,25.24,2.09,0
MTR-100464,24.829143,46.79834,0.085,1,0,11.47,1.77,0,0,12.24,4.27,24.26,4.78,0
MTR-100465,24.682318,46.763156,0.324,0,1,7.96,1.65,0,0,12.78,4.42,27.05,1.32,0
MTR-100466,24.660028,46.602428,0.11,1,0,3.52,1.93,0,0,12.82,4.01,23.13,3.82,0
MTR-100467,24.80575,46.782949,0.238,1,0,1.71,1.18,0,0,12.88,4.3,22.48,4.79,0
MTR-100468,24.644499,46.579392,0.331,0,0,1.64,1.52,0,0,12.74,4.42,22.6,3.05,0
MTR-100469,24.829406,46.754662,0.037,0,0,6.8,0.99,0,0,12.79,3.82,23.1,3.0,0
MTR-100470,24.591639,46.645456,0.555,2,1,9.22,2.47,1,0,22.2,9.06,51.21,4.79,0
MTR-100471,24.83107,46.769794,0.271,0,1,7.75,0.73,0,1,15.23,8.6,33.16,0.1,6
MTR-100472,24.59939,46.767314,1.0,2,2,2.95,3.35,1,0,21.95,14.01,72.77,1.58,0
MTR-100473,24.811386,46.751781,0.277,0,0,5.63,0.6,0,0,12.9,4.57,22.56,5.15,0
MTR-100474,24.720525,46.747808,0.641,2,0,11.64,3.37,1,0,25.92,15.8,87.13,3.48,0
MTR-100475,24.836841,46.62647,0.224,0,0,4.43,2.4,0,0,12.32,3.99,22.7,1.91,0
MTR-100476,24.607049,46.57053,0.193,0,0,6.59,1.88,0,0,11.93,4.55,23.08,1.34,0
MTR-100477,24.727064,46.651045,0.507,0,0,11.66,0.68,0,0,12.08,3.98,19.68,2.71,0
MTR-100478,24.830926,46.593681,0.207,0,2,5.93,2.25,0,0,11.77,4.42,21.62,1.99,0
MTR-100479,24.719374,46.724038,0.505,0,0,6.28,1.47,0,0,13.17,3.98,24.85,5.97,0
MTR-100480,24.74595,46.636825,0.219,0,0,9.39,0.36,0,0,11.92,4.07,22.21,2.59,0
MTR-100481,24.762537,46.794203,0.701,3,0,11.77,2.18,1,0,25.39,15.37,86.36,3.38,0
MTR-100482,24.702235,46.710543,0.399,0,1,7.68,1.01,0,0,12.34,4.88,22.07,1.0,0
MTR-100483,24.74549,46.75592,0.482,1,1,5.41,1.03,0,0,12.31,3.99,21.05,3.19,0
MTR-100484,24.734679,46.583431,0.07,0,0,2.46,0.97,0,0,12.08,4.07,25.59,2.48,0
MTR-100485,24.81389,46.765804,0.321,1,0,2.83,0.33,0,1,13.35,6.21,27.86,0.97,6
MTR-100486,24.599962,46.780989,0.469,0,2,11.46,1.6,0,0,13.5,3.87,24.14,3.71,0
MTR-100487,24.658841,46.672065,0.121,0,0,2.73,1.55,0,0,12.4,4.6,23.98,2.65,0
MTR-100488,24.826203,46.701863,0.523,0,0,5.64,2.38,1,0,18.64,10.4,57.24,1.79,0
MTR-100489,24.811166,46.741502,0.593,0,0,3.45,2.57,1,0,22.37,13.4,76.84,1.69,0
MTR-100490,24.702514,46.59401,0.399,0,1,3.62,1.27,0,0,12.56,4.65,26.21,3.97,0
MTR-100491,24.743633,46.675942,0.472,1,1,4.09,1.23,0,0,12.75,4.64,21.94,1.0,0
MTR-100492,24.657945,46.649966,0.373,1,1,1.69,2.76,1,0,20.24,12.13,60.59,4.26,0
MTR-100493,24.63563,46.586893,0.22,0,0,8.73,1.12,0,0,11.62,3.81,20.16,2.17,0
MTR-100494,24.704525,46.642184,0.217,0,0,6.78,1.56,0,0,12.43,4.43,26.39,1.93,0
MTR-100495,24.676938,46.567343,0.321,0,0,10.64,3.44,1,0,19.57,11.51,58.76,2.94,0
MTR-100496,24.734514,46.556753,0.641,0,1,10.75,0.99,0,0,12.19,4.76,25.62,1.99,0
MTR-100497,24.608034,46.584092,0.153,0,0,10.33,1.03,0,0,12.47,3.92,19.28,4.17,0
MTR-100498,24.832199,46.791079,0.447,0,0,5.01,2.08,0,0,12.2,4.09,23.77,2.18,0
MTR-100499,24.835153,46.687682,0.018,1,1,1.56,2.73,0,0,12.41,3.73,20.31,3.96,0
MTR-100500,24.76314,46.791756,0.203,0,1,1.13,-0.31,0,0,12.85,4.1,22.53,1.95,0
MTR-100501,24.722624,46.658424,0.395,0,0,9.07,1.35,0,0,13.13,4.55,25.52,3.91,0
MTR-100502,24.665982,46.628254,0.389,0,0,10.1,0.36,0,0,12.78,3.83,22.03,4.07,0
MTR-100503,24.792049,46.676835,0.32,0,0,3.24,0.71,0,0,12.65,3.65,22.88,4.66,0
MTR-100504,24.759783,46.660178,0.343,0,1,8.48,-0.41,0,0,13.59,4.65,27.07,2.96,0
MTR-100505,24.629254,46.576716,0.064,0,0,3.78,1.68,0,0,12.73,3.54,20.16,3.23,0
MTR-100506,24.816332,46.710507,0.177,0,2,10.14,0.55,0,1,11.82,7.15,34.6,0.65,6
MTR-100507,24.794234,46.60431,0.183,0,0,2.94,1.9,0,0,12.34,4.1,22.5,2.75,0
MTR-100508,24.82605,46.705197,0.17,0,1,9.76,0.84,0,0,13.31,4.84,24.41,1.85,0
MTR-100509,24.77003,46.71285,0.145,0,0,8.01,1.28,0,0,12.73,4.99,24.4,1.0,0
MTR-100510,24.741954,46.588306,0.203,0,0,7.92,1.11,0,0,12.37,4.94,26.51,3.54,0
MTR-100511,24.693161,46.565637,0.155,0,0,4.21,1.49,0,0,12.96,4.05,20.74,1.0,0
MTR-100512,24.821782,46.74549,0.593,0,0,8.81,1.86,0,0,11.66,4.23,21.12,4.13,0
MTR-100513,24.805116,46.66525,0.15,0,0,10.47,2.12,0,1,13.92,8.39,33.9,0.12,6
MTR-100514,24.599905,46.564841,0.245,0,0,7.14,1.68,0,0,12.1,4.12,21.36,3.18,0
MTR-100515,24.595192,46.799017,0.274,0,1,1.05,1.23,0,0,12.61,4.21,24.75,2.7,0
MTR-100516,24.682716,46.564745,0.259,0,0,1.49,0.06,0,0,11.7,4.64,22.23,1.87,0
MTR-100517,24.791238,46.724059,0.587,1,1,8.66,2.17,1,0,22.32,12.89,56.62,2.07,0
MTR-100518,24.835419,46.79622,0.283,0,1,4.37,2.49,0,0,11.94,4.73,25.38,3.12,0
MTR-100519,24.626204,46.610095,0.491,0,0,0.68,1.85,0,0,12.73,4.29,23.92,3.03,0
MTR-100520,24.737133,46.585862,0.158,0,0,4.92,1.24,0,0,13.06,4.05,22.85,4.17,0
MTR-100521,24.683823,46.580646,0.152,0,0,4.58,2.48,0,0,12.61,4.1,23.24,3.97,0
MTR-100522,24.831079,46.626119,0.521,0,0,6.06,2.74,1,0,21.38,10.36,53.32,1.03,0
MTR-100523,24.79913,46.575561,0.725,0,0,3.96,1.2,0,0,12.32,4.76,23.0,1.28,0
MTR-100524,24.798182,46.72334,0.271,0,0,10.74,0.71,0,0,12.06,4.06,22.09,1.69,0
MTR-100525,24.705773,46.565873,0.371,1,3,4.44,3.19,1,0,17.11,8.26,41.67,1.22,0
MTR-100526,24.692305,46.677656,1.0,0,0,8.96,3.78,1,0,22.85,11.53,58.93,3.19,0
MTR-100527,24.656952,46.799474,0.276,1,0,10.87,2.24,0,1,14.16,9.19,37.16,0.08,6
MTR-100528,24.602694,46.753793,0.266,0,1,10.79,1.69,0,0,12.5,4.38,28.54,1.0,0
MTR-100529,24.804781,46.704105,0.35,0,1,8.34,1.88,0,0,12.94,3.49,20.01,4.05,0
MTR-100530,24.791825,46.626863,0.312,0,0,5.76,0.67,0,0,12.49,3.86,20.05,3.37,0
MTR-100531,24.838529,46.706274,0.363,0,0,2.41,0.18,0,0,12.63,4.06,21.63,3.9,0
MTR-100532,24.837759,46.68206,0.201,0,1,4.74,1.71,0,0,11.44,3.99,21.15,3.58,0
MTR-100533,24.727458,46.656821,0.32,0,0,10.42,2.18,0,0,13.32,4.53,27.11,1.08,0
MTR-100534,24.780847,46.582978,0.164,0,1,5.64,0.29,0,0,13.1,4.45,23.46,1.59,0
MTR-100535,24.824791,46.771951,0.645,0,0,9.49,1.28,0,0,12.09,4.2,21.83,2.75,0
MTR-100536,24.801012,46.662746,0.442,1,2,11.66,2.73,1,0,23.53,13.95,60.91,1.7,0
MTR-100537,24.650437,46.598956,0.133,0,0,10.94,1.61,0,0,12.93,3.76,24.7,3.86,0
MTR-100538,24.701236,46.64224,0.14,0,0,10.37,2.15,0,1,12.12,8.27,39.63,0.29,6
MTR-100539,24.62089,46.653832,0.408,0,2,9.53,0.8,0,0,13.15,3.69,25.78,5.85,0
MTR-100540,24.827113,46.757184,0.036,0,0,6.07,0.85,0,0,11.76,4.8,30.8,3.39,0
MTR-100541,24.740144,46.733704,0.212,1,0,4.48,2.03,0,0,11.76,4.47,20.11,1.15,0
MTR-100542,24.645761,46.742626,0.514,0,0,5.29,1.94,0,0,12.18,4.56,22.86,1.0,0
MTR-100543,24.756525,46.553058,0.434,0,0,11.34,0.52,0,0,12.15,4.34,21.28,2.52,0
MTR-100544,24.743132,46.654338,0.465,0,1,8.67,0.41,0,0,13.08,3.49,21.76,5.61,0
MTR-100545,24.678141,46.670636,0.247,1,0,11.84,0.71,0,0,12.38,4.57,23.74,1.0,0
MTR-100546,24.616989,46.555098,0.095,1,0,8.1,0.67,0,0,12.78,4.88,23.73,1.0,0
MTR-100547,24.756493,46.615253,0.336,0,0,4.41,1.37,0,0,12.34,4.11,23.26,5.53,0
MTR-100548,24.718677,46.740372,0.289,0,0,11.71,0.38,0,0,12.43,4.18,24.43,1.9,0
MTR-100549,24.78168,46.584577,0.674,0,0,10.78,3.57,1,0,18.24,8.7,48.32,4.49,0
MTR-100550,24.718641,46.684128,0.49,0,1,7.09,1.27,1,0,24.85,13.75,66.54,1.98,0
MTR-100551,24.801645,46.6041,0.151,1,0,1.76,1.63,0,0,12.29,4.14,21.36,2.95,0
MTR-100552,24.726577,46.55333,0.371,0,0,9.05,1.8,0,0,12.3,4.14,22.0,1.0,0
MTR-100553,24.728834,46.6106,0.076,0,0,6.96,1.43,0,0,12.46,4.67,22.42,1.0,0
MTR-100554,24.807763,46.794268,0.663,0,0,7.13,4.28,1,0,24.54,13.98,75.03,1.7,0
MTR-100555,24.689471,46.750684,0.155,0,0,3.45,2.14,0,0,13.04,4.45,22.65,1.0,0
MTR-100556,24.622104,46.790194,0.084,0,0,7.76,0.68,0,0,12.49,3.72,23.02,6.13,0
MTR-100557,24.595796,46.672264,0.794,0,0,8.15,1.64,1,0,22.99,13.03,63.16,1.56,0
MTR-100558,24.777384,46.577734,0.474,1,0,7.9,1.15,0,0,13.47,3.84,23.56,3.89,0
MTR-100559,24.743677,46.68729,0.499,0,0,6.14,2.39,1,0,18.02,8.15,39.54,2.7,0
MTR-100560,24.76462,46.663894,0.318,1,0,7.25,0.76,0,0,12.01,4.29,21.36,1.0,0
MTR-100561,24.641841,46.761389,0.416,0,0,11.35,0.69,0,0,11.69,4.52,19.24,2.3,0
MTR-100562,24.622693,46.574821,0.16,0,0,4.73,1.04,0,0,12.98,4.03,20.83,4.51,0
MTR-100563,24.592236,46.67236,0.315,0,0,3.61,0.65,0,1,15.01,7.24,29.59,0.24,6
MTR-100564,24.676247,46.587812,0.475,1,0,9.29,3.42,1,0,21.37,9.97,47.83,1.88,0
MTR-100565,24.736079,46.631469,0.291,1,0,3.97,1.23,0,0,12.64,4.66,23.35,1.18,0
MTR-100566,24.686661,46.734639,0.388,0,0,11.32,1.24,0,0,12.51,3.91,22.75,2.16,0
MTR-100567,24.697969,46.669305,0.292,0,1,10.48,0.25,0,0,12.35,4.09,22.13,2.98,0
MTR-100568,24.81464,46.644272,0.094,0,0,6.88,0.97,0,1,13.35,7.47,30.25,0.57,6
MTR-100569,24.675664,46.648919,0.318,0,0,7.61,2.18,0,0,12.32,4.05,23.03,1.7,0
MTR-100570,24.717097,46.665162,0.379,0,0,7.43,1.78,0,0,13.51,4.27,25.0,3.5,0
MTR-100571,24.784513,46.746554,0.2,0,0,6.47,0.94,0,0,11.87,4.05,21.89,3.99,0
MTR-100572,24.687736,46.773321,0.731,2,0,10.9,3.82,1,0,19.75,11.45,60.17,1.37,0
MTR-100573,24.744122,46.789134,0.27,0,0,4.74,-0.08,0,0,12.44,3.84,24.49,6.05,0
MTR-100574,24.804191,46.747026,0.698,0,0,8.33,1.51,0,0,12.33,4.04,20.46,3.38,0
MTR-100575,24.82598,46.629152,0.22,0,3,9.44,0.27,0,0,11.84,4.25,23.03,1.23,0
MTR-100576,24.625368,46.722334,0.482,0,0,0.77,3.35,1,0,26.33,13.58,79.14,5.86,0
MTR-100577,24.820247,46.659701,0.22,0,0,11.33,1.85,0,0,11.95,4.69,26.47,1.0,0
MTR-100578,24.711629,46.613968,0.204,0,0,2.43,1.43,0,0,13.44,4.13,24.55,6.2,0
MTR-100579,24.653161,46.760518,0.155,0,0,1.99,0.82,0,1,14.95,7.4,38.43,1.46,6
MTR-100580,24.703384,46.559907,0.222,0,0,4.22,1.77,0,0,12.61,4.46,26.73,4.33,0
MTR-100581,24.833608,46.77574,0.302,0,0,2.44,1.58,0,0,12.43,4.18,23.45,3.8,0
MTR-100582,24.711755,46.665669,0.383,0,0,0.55,2.47,0,0,13.0,4.99,24.73,1.66,0
MTR-100583,24.670788,46.7096,0.868,0,0,2.23,2.32,1,0,18.72,8.29,55.74,3.2,0
MTR-100584,24.74695,46.715138,0.288,0,0,7.12,-0.03,0,0,11.53,4.01,20.66,2.08,0
MTR-100585,24.648636,46.774079,0.133,0,1,5.09,2.26,0,1,13.47,7.69,30.9,0.32,6
MTR-100586,24.607566,46.709467,0.372,0,0,10.61,0.06,0,0,11.86,4.33,22.15,2.19,0
MTR-100587,24.62082,46.703783,0.058,0,0,9.28,1.77,0,0,12.25,4.61,22.92,4.26,0
MTR-100588,24.620611,46.566963,0.317,0,0,7.33,0.87,0,0,12.92,4.19,23.1,1.98,0
MTR-100589,24.626576,46.679902,0.484,0,2,1.12,4.25,1,0,22.93,12.67,72.22,6.04,0
MTR-100590,24.623307,46.587842,0.338,0,0,8.63,0.44,0,0,12.9,3.93,21.22,5.6,0
MTR-100591,24.748819,46.734658,0.611,1,0,7.79,2.91,1,0,24.06,10.72,49.68,4.67,0
MTR-100592,24.63407,46.678355,0.01,0,1,1.97,-0.21,0,0,11.48,3.79,19.14,2.93,0
MTR-100593,24.675017,46.720357,0.283,1,1,11.82,1.7,0,0,11.96,3.56,22.31,5.79,0
MTR-100594,24.812797,46.560718,0.333,0,0,1.34,1.61,0,0,12.37,3.97,20.86,3.74,0
MTR-100595,24.70709,46.571498,0.887,0,0,11.29,2.5,1,0,24.42,14.28,73.49,4.99,0
MTR-100596,24.755489,46.729381,0.597,0,1,4.92,0.25,0,0,12.06,3.92,22.74,2.68,0
MTR-100597,24.63168,46.568321,0.343,0,1,6.77,2.31,0,0,12.32,3.89,22.34,4.31,0
MTR-100598,24.636672,46.568114,0.382,1,1,6.5,1.9,0,0,12.66,4.09,23.94,4.27,0
MTR-100599,24.598817,46.553327,0.257,0,0,4.42,2.79,1,0,20.55,9.21,55.71,4.86,0
MTR-100600,24.630834,46.789425,0.223,1,0,5.39,0.09,0,0,13.07,4.26,24.36,1.81,0
MTR-100601,24.658248,46.734677,0.319,1,1,2.12,2.58,1,0,25.17,16.38,83.35,3.63,0
MTR-100602,24.632853,46.638613,0.711,0,1,6.71,1.48,0,0,12.6,3.96,23.4,1.15,0
MTR-100603,24.610776,46.624434,0.174,0,0,1.24,2.24,0,0,12.24,4.15,19.79,1.98,0
MTR-100604,24.618759,46.637726,0.209,0,1,9.67,-0.22,0,0,12.47,3.65,19.25,5.97,0
MTR-100605,24.703795,46.743963,0.424,0,1,1.89,3.43,1,0,22.71,11.03,53.44,4.17,0
MTR-100606,24.640183,46.715643,0.749,1,1,3.47,1.71,1,0,23.45,13.62,75.45,2.04,0
MTR-100607,24.679667,46.596599,0.148,0,1,4.72,1.17,0,0,13.42,4.18,22.6,4.7,0
MTR-100608,24.714454,46.593827,0.032,0,0,2.82,1.34,0,0,12.12,3.89,21.72,4.49,0
MTR-100609,24.761199,46.574899,0.389,1,0,5.0,1.53,0,0,12.46,4.5,22.18,3.83,0
MTR-100610,24.598428,46.715376,0.162,0,0,6.86,2.18,0,0,12.98,4.5,22.48,2.92,0
MTR-100611,24.788453,46.741393,0.334,0,0,3.57,0.71,0,0,12.39,3.99,21.63,4.8,0
MTR-100612,24.745575,46.616562,0.41,0,0,11.39,1.45,0,0,11.57,4.31,24.37,1.07,0
MTR-100613,24.60904,46.555536,0.152,0,0,2.64,1.63,0,0,12.99,3.9,21.61,4.02,0
MTR-100614,24.806995,46.570843,0.483,1,0,2.68,1.31,0,0,12.78,3.98,19.22,2.1,0
MTR-100615,24.818818,46.792265,0.569,0,0,5.71,0.2,0,0,12.03,4.63,22.95,3.37,0
MTR-100616,24.603869,46.624161,0.281,0,0,5.26,1.59,0,0,12.6,3.64,20.57,4.44,0
MTR-100617,24.657819,46.742606,0.212,0,1,4.75,0.93,0,0,13.22,4.42,22.91,3.94,0
MTR-100618,24.79015,46.706466,0.269,1,0,2.34,0.17,0,0,12.78,3.83,21.99,3.42,0
MTR-100619,24.775665,46.645785,0.469,1,0,5.2,3.04,1,0,22.73,13.04,67.85,1.96,0
MTR-100620,24.63473,46.601722,0.32,0,2,8.4,0.31,0,0,12.14,4.1,22.37,2.54,0
MTR-100621,24.640937,46.580647,0.067,0,0,2.38,0.15,0,0,11.87,4.61,22.17,2.09,0
MTR-100622,24.681218,46.704053,0.242,0,0,8.8,0.13,0,0,11.97,4.01,21.04,1.41,0
MTR-100623,24.709731,46.743958,0.183,0,0,1.88,1.12,0,0,11.91,3.67,20.16,1.0,0
MTR-100624,24.743164,46.711276,0.323,1,0,1.71,1.29,0,0,12.49,3.9,23.68,4.8,0
MTR-100625,24.680828,46.682876,0.337,0,0,9.91,1.66,0,0,12.29,4.57,22.34,2.57,0
MTR-100626,24.704234,46.560788,0.139,0,0,3.97,1.14,0,1,14.84,7.59,35.62,1.68,6
MTR-100627,24.775468,46.792422,0.454,0,0,8.59,0.44,0,0,12.16,4.58,20.99,1.65,0
MTR-100628,24.597771,46.749979,0.064,0,0,1.4,1.37,0,0,12.56,4.47,27.34,4.42,0
MTR-100629,24.651709,46.623506,0.247,0,0,8.03,1.15,0,0,12.88,4.07,23.26,3.72,0
MTR-100630,24.766937,46.795293,0.263,1,1,5.71,0.41,0,0,12.61,4.12,21.49,3.02,0
MTR-100631,24.812402,46.70077,0.144,0,1,9.05,1.53,0,0,12.28,3.6,19.61,2.22,0
MTR-100632,24.716519,46.695906,0.051,1,0,8.86,1.83,0,0,12.79,4.8,21.91,1.78,0
MTR-100633,24.721628,46.737318,0.24,0,0,10.53,0.4,0,0,12.49,3.8,22.88,4.42,0
MTR-100634,24.615393,46.753242,0.23,0,2,6.23,0.72,0,0,13.29,4.37,23.65,5.24,0
MTR-100635,24.700453,46.71442,0.273,0,1,11.83,2.28,0,0,12.01,4.15,22.18,2.6,0
MTR-100636,24.721754,46.582324,0.218,0,0,8.17,2.57,0,0,12.16,4.33,22.75,2.54,0
MTR-100637,24.649218,46.634867,0.345,0,1,9.09,2.72,0,1,11.63,7.18,26.57,0.91,6
MTR-100638,24.655911,46.782321,0.174,0,0,5.91,1.3,0,0,12.34,3.74,20.29,4.19,0
MTR-100639,24.682921,46.606454,0.134,0,0,6.84,2.75,0,0,12.77,4.52,23.28,3.48,0
MTR-100640,24.593618,46.643342,0.149,0,1,10.16,1.37,0,0,13.18,4.3,22.51,3.4,0
MTR-100641,24.66912,46.658319,0.34,0,0,6.87,1.11,0,1,12.79,8.0,30.48,0.48,6
MTR-100642,24.641462,46.660151,0.241,0,0,10.12,1.48,0,0,12.38,3.91,23.69,4.43,0
MTR-100643,24.670474,46.703535,0.749,0,2,10.6,1.69,0,0,12.55,4.41,20.99,1.13,0
MTR-100644,24.618541,46.786069,0.057,0,1,6.31,1.61,0,0,12.1,4.51,23.47,1.0,0
MTR-100645,24.811232,46.610473,0.171,0,0,2.42,0.05,0,0,12.56,4.4,20.33,2.44,0
MTR-100646,24.736998,46.580675,0.414,0,0,6.95,1.53,0,0,12.25,4.29,26.78,4.06,0
MTR-100647,24.758376,46.599668,0.094,0,1,9.81,0.7,0,0,11.43,4.88,23.16,3.23,0
MTR-100648,24.785893,46.772031,0.232,0,0,10.27,0.59,0,0,11.8,4.62,22.09,1.82,0
MTR-100649,24.713211,46.711753,0.423,0,0,4.66,0.9,0,0,13.28,3.24,20.5,5.65,0
MTR-100650,24.61033,46.621777,0.491,0,0,11.65,1.01,0,0,13.79,3.66,21.88,5.39,0
MTR-100651,24.722877,46.754287,0.171,0,0,7.16,0.35,0,0,12.8,4.39,22.3,4.54,0
MTR-100652,24.73531,46.765642,0.48,0,0,2.27,1.61,0,0,11.03,3.67,20.94,1.0,0
MTR-100653,24.77496,46.761929,0.376,0,0,4.55,0.81,0,0,11.52,3.36,18.25,4.05,0
MTR-100654,24.696515,46.780032,0.243,0,0,4.27,1.07,0,0,12.63,4.71,22.78,1.0,0
MTR-100655,24.620495,46.61336,0.258,1,0,8.03,1.54,0,1,13.32,6.53,27.41,0.09,6
MTR-100656,24.659544,46.73906,0.469,0,1,9.89,0.86,0,0,12.53,4.73,25.28,3.45,0
MTR-100657,24.679371,46.665435,0.364,0,0,1.17,1.39,0,0,12.48,3.78,25.88,4.16,0
MTR-100658,24.750079,46.7608,0.139,0,0,6.25,1.65,0,0,12.05,3.7,20.93,4.68,0
MTR-100659,24.731295,46.732423,0.2,0,0,8.17,1.9,0,1,14.14,6.82,32.94,1.14,6
MTR-100660,24.677624,46.744412,0.051,0,0,6.5,2.5,0,0,11.88,4.32,22.5,1.82,0
MTR-100661,24.835229,46.71434,0.25,0,1,3.68,0.47,0,0,13.2,3.63,21.03,2.41,0
MTR-100662,24.740044,46.594657,0.17,0,0,1.1,1.94,0,0,12.63,5.03,27.58,3.32,0
MTR-100663,24.647907,46.686557,0.114,0,0,11.98,2.28,0,0,13.02,4.4,21.28,2.42,0
MTR-100664,24.614046,46.796467,0.369,1,0,0.81,0.16,0,0,12.68,4.25,22.46,2.89,0
MTR-100665,24.626815,46.784647,0.56,0,0,11.55,1.6,0,0,11.9,3.91,21.68,2.65,0
MTR-100666,24.650089,46.561093,0.132,0,0,7.16,2.41,0,0,12.1,4.09,23.46,4.43,0
MTR-100667,24.62877,46.591504,0.335,0,0,0.62,-0.38,0,1,14.74,7.98,36.27,0.36,6
MTR-100668,24.635242,46.583232,0.243,0,0,7.68,2.0,0,0,11.81,3.82,19.11,4.41,0
MTR-100669,24.659874,46.731795,0.545,0,0,5.79,1.91,0,0,12.82,4.08,21.83,2.46,0
MTR-100670,24.631943,46.754746,0.572,0,0,7.84,0.77,0,0,12.73,4.39,28.78,5.17,0
MTR-100671,24.812791,46.603678,0.089,0,0,1.24,0.63,0,0,12.47,4.09,23.51,2.58,0
MTR-100672,24.608658,46.676763,0.335,0,0,0.89,1.69,0,0,12.74,4.35,26.36,3.08,0
MTR-100673,24.719728,46.760476,0.274,0,0,9.92,1.24,0,0,12.39,3.46,18.92,6.49,0
MTR-100674,24.691199,46.7335,0.326,0,0,1.23,1.81,0,0,12.18,4.32,20.71,3.33,0
MTR-100675,24.834195,46.685859,0.718,1,0,11.13,3.23,1,0,18.93,9.02,51.53,1.81,0
MTR-100676,24.61661,46.697887,0.556,0,0,1.41,2.29,0,1,13.3,7.2,27.61,0.55,6
MTR-100677,24.688064,46.67739,0.152,0,0,2.4,0.88,0,0,12.09,3.96,24.94,3.28,0
MTR-100678,24.830968,46.624687,0.41,1,0,2.24,1.98,0,0,12.8,4.4,20.64,1.0,0
MTR-100679,24.804977,46.691555,0.144,0,0,1.03,0.78,0,1,13.57,7.82,33.35,0.06,6
MTR-100680,24.792868,46.722521,0.254,0,0,8.24,-0.11,0,0,12.32,4.36,26.0,2.85,0
MTR-100681,24.653076,46.768631,0.377,0,1,5.91,3.02,1,0,21.32,13.22,71.76,1.54,0
MTR-100682,24.631322,46.709373,0.32,0,0,2.6,0.75,0,0,12.29,3.97,23.33,2.17,0
MTR-100683,24.755761,46.74058,0.094,0,2,11.69,1.5,0,0,11.95,4.5,27.66,1.56,0
MTR-100684,24.820944,46.590318,0.271,0,1,10.0,0.56,0,0,13.06,4.67,21.51,1.0,0
MTR-100685,24.727791,46.665689,0.409,0,1,3.08,2.32,0,0,11.72,3.72,23.07,5.26,0
MTR-100686,24.731503,46.552633,0.157,0,0,2.37,1.82,0,0,12.22,4.52,22.42,1.0,0
MTR-100687,24.658595,46.61197,0.089,0,0,6.18,1.01,0,0,12.48,4.46,27.83,4.49,0
MTR-100688,24.780973,46.731915,0.428,0,0,11.05,0.96,0,0,12.17,4.16,27.7,1.0,0
MTR-100689,24.635361,46.798252,0.452,0,0,2.75,1.91,0,0,13.6,4.33,25.71,4.02,0
MTR-100690,24.66952,46.575095,0.272,0,0,9.91,1.18,0,0,13.59,4.61,25.51,4.45,0
MTR-100691,24.694959,46.650674,0.416,0,1,9.29,1.69,0,1,13.43,7.81,32.29,0.0,6
MTR-100692,24.715503,46.750318,0.506,0,0,8.19,0.56,0,0,12.59,3.65,22.75,5.67,0
MTR-100693,24.649202,46.601309,0.639,0,1,1.19,2.15,1,0,20.19,10.49,57.24,1.78,0
MTR-100694,24.617309,46.689071,0.126,0,0,3.33,1.58,0,0,12.64,4.14,26.14,3.55,0
MTR-100695,24.741255,46.733568,0.331,0,0,1.65,0.93,0,0,12.37,4.26,20.98,3.23,0
MTR-100696,24.660758,46.704296,0.236,0,0,4.42,1.77,0,1,12.69,6.96,26.76,0.4,6
MTR-100697,24.73391,46.597306,0.222,0,1,11.99,1.22,0,0,12.57,4.24,24.66,4.66,0
MTR-100698,24.627191,46.639146,0.036,0,0,7.89,1.28,0,0,12.84,4.24,23.53,1.51,0
MTR-100699,24.708885,46.746248,0.086,0,1,8.11,0.23,0,0,12.26,3.65,21.46,2.82,0
MTR-100700,24.721747,46.688857,0.179,0,0,9.98,1.1,0,0,12.41,4.88,25.94,2.57,0
MTR-100701,24.601556,46.551607,0.306,0,0,4.21,1.82,0,0,12.16,2.96,17.87,5.68,0
MTR-100702,24.672751,46.740548,0.695,1,0,2.09,3.72,1,0,20.27,10.5,59.94,1.56,0
MTR-100703,24.622204,46.559128,0.534,0,1,5.45,1.43,0,0,12.22,4.46,23.88,4.99,0
MTR-100704,24.604444,46.736733,0.428,0,0,2.69,0.37,0,0,12.41,4.32,20.86,1.1,0
MTR-100705,24.83609,46.60092,0.175,1,0,9.88,0.93,0,0,12.34,4.7,20.24,1.0,0
MTR-100706,24.669188,46.789818,0.126,0,0,7.04,1.4,0,0,13.27,4.05,24.28,3.52,0
MTR-100707,24.791069,46.642285,0.097,0,1,6.63,1.69,0,0,12.37,4.11,23.71,2.45,0
MTR-100708,24.65226,46.632033,0.21,0,0,10.57,1.29,0,0,11.61,3.8,20.8,5.5,0
MTR-100709,24.758976,46.587522,0.567,0,0,9.98,1.36,0,0,12.27,4.71,24.4,2.17,0
MTR-100710,24.778657,46.626701,0.641,1,2,4.55,1.46,0,0,12.82,4.22,22.55,1.11,0
MTR-100711,24.73751,46.769463,0.309,0,0,0.61,1.51,0,0,11.78,3.79,20.1,3.01,0
MTR-100712,24.706494,46.799384,0.393,0,0,9.17,1.03,0,0,13.07,4.62,25.26,1.0,0
MTR-100713,24.69156,46.642377,0.43,0,0,5.11,1.36,0,0,13.92,4.18,20.65,4.84,0
MTR-100714,24.675817,46.662453,0.274,0,1,7.49,2.13,0,0,12.09,4.24,23.27,4.46,0
MTR-100715,24.820982,46.730818,0.465,3,0,9.68,2.14,1,0,27.86,20.22,92.15,2.81,0
MTR-100716,24.796255,46.771849,0.159,0,0,7.95,1.49,0,0,12.97,4.49,21.19,1.0,0
MTR-100717,24.829857,46.698561,0.242,0,2,5.07,1.45,0,0,12.57,4.38,24.61,4.1,0
MTR-100718,24.619674,46.648181,0.398,0,0,8.05,0.45,0,0,13.52,4.64,24.83,1.93,0
MTR-100719,24.771317,46.653455,0.345,0,0,11.32,1.58,0,0,11.69,3.79,20.95,2.75,0
MTR-100720,24.823185,46.724205,0.427,0,0,5.06,1.68,0,0,13.24,4.59,24.73,1.32,0
MTR-100721,24.633908,46.551105,0.573,1,0,3.65,0.89,0,0,12.48,4.46,21.65,3.21,0
MTR-100722,24.605224,46.705197,0.446,0,1,9.82,1.8,0,0,11.65,3.82,19.17,3.09,0
MTR-100723,24.77388,46.639173,0.651,0,0,10.46,1.2,0,0,13.19,4.2,24.89,4.36,0
MTR-100724,24.732218,46.748849,0.226,0,0,6.59,0.84,0,0,11.94,4.32,21.55,4.15,0
MTR-100725,24.799057,46.573548,0.047,0,0,1.8,1.39,0,0,13.0,4.5,21.73,3.71,0
MTR-100726,24.623543,46.697351,0.5,0,1,8.15,1.44,0,0,11.54,3.9,23.45,4.0,0
MTR-100727,24.787417,46.670543,0.256,0,0,10.33,0.72,0,0,12.38,3.91,21.63,2.57,0
MTR-100728,24.639007,46.710881,0.363,0,1,10.88,1.19,0,1,10.6,6.57,26.2,0.72,6
MTR-100729,24.629514,46.566513,0.374,2,0,10.8,3.49,1,0,26.3,18.84,121.12,0.34,0
MTR-100730,24.629666,46.695296,0.739,1,0,3.87,4.6,1,0,17.18,9.86,49.73,0.25,0
MTR-100731,24.792244,46.690671,0.374,0,0,7.03,2.33,1,0,19.98,12.23,66.03,3.49,0
MTR-100732,24.754899,46.690465,0.567,2,3,7.63,3.16,1,0,22.67,10.9,56.45,1.86,0
MTR-100733,24.719366,46.701172,0.388,0,0,9.32,1.5,0,0,12.76,4.37,24.73,1.0,0
MTR-100734,24.678308,46.719417,0.259,0,0,7.48,0.92,0,0,11.99,4.53,22.65,3.55,0
MTR-100735,24.8079,46.751547,0.115,0,0,3.46,2.08,0,0,13.58,3.8,20.94,5.52,0
MTR-100736,24.686711,46.617755,0.217,0,1,1.7,0.19,0,0,13.39,4.73,23.22,3.6,0
MTR-100737,24.79275,46.756562,0.173,0,0,3.89,2.23,0,0,13.22,4.14,25.01,3.64,0
MTR-100738,24.698384,46.674864,0.428,0,1,10.2,1.43,0,0,12.34,3.39,19.49,4.88,0
MTR-100739,24.682836,46.569565,0.029,0,1,6.25,0.28,0,0,12.97,4.59,23.27,4.24,0
MTR-100740,24.70427,46.564938,0.249,0,0,2.86,0.61,0,0,12.21,4.09,21.59,2.46,0
MTR-100741,24.663944,46.63386,0.579,0,0,0.8,2.72,1,0,16.13,9.07,44.25,0.45,0
MTR-100742,24.775502,46.746524,0.361,0,1,11.1,1.26,0,0,12.9,4.22,23.47,3.55,0
MTR-100743,24.71428,46.72722,0.307,0,0,10.47,1.26,0,0,12.25,4.76,23.8,3.2,0
MTR-100744,24.646653,46.747454,0.122,0,0,7.58,1.91,0,0,12.42,4.74,25.7,1.13,0
MTR-100745,24.813494,46.679617,0.145,1,0,9.32,1.11,0,0,12.78,4.02,22.89,5.74,0
MTR-100746,24.684573,46.66035,0.828,1,1,3.52,2.76,1,0,25.04,12.99,65.23,2.21,0
MTR-100747,24.724488,46.587163,0.246,1,1,8.55,-0.44,0,0,13.49,4.5,25.97,3.99,0
MTR-100748,24.815218,46.632348,0.813,0,0,9.01,2.68,1,0,21.54,11.06,59.96,1.63,0
MTR-100749,24.744659,46.658805,0.394,0,0,2.42,1.69,0,0,12.36,3.85,19.59,4.1,0
MTR-100750,24.617825,46.57245,0.387,0,2,1.94,0.48,0,0,14.04,4.76,24.6,3.36,0
MTR-100751,24.823558,46.605453,0.155,0,0,2.36,1.63,0,0,12.55,4.14,20.61,1.0,0
MTR-100752,24.745527,46.699856,0.215,0,2,6.05,1.35,0,0,13.56,3.59,19.78,4.63,0
MTR-100753,24.672326,46.734216,0.117,0,0,10.14,1.85,0,0,12.48,4.37,23.37,3.82,0
MTR-100754,24.623418,46.799887,0.157,0,0,4.35,2.18,0,0,12.03,4.38,22.04,2.66,0
MTR-100755,24.787106,46.783578,0.557,0,1,2.6,0.72,0,0,12.13,4.07,22.17,1.0,0
MTR-100756,24.743618,46.710941,0.575,2,2,6.74,2.75,1,0,19.8,8.28,46.66,4.55,0
MTR-100757,24.721965,46.655612,0.564,0,1,6.35,1.09,0,0,12.51,3.86,22.89,4.86,0
MTR-100758,24.812073,46.709344,0.481,2,1,3.51,3.73,1,0,23.11,11.74,64.47,0.92,0
MTR-100759,24.785749,46.746713,0.145,0,0,5.62,1.35,0,0,13.0,4.84,28.34,3.72,0
MTR-100760,24.626519,46.579884,0.303,0,0,0.75,1.45,0,0,12.6,4.17,25.15,3.16,0
MTR-100761,24.666531,46.652776,0.327,0,0,4.8,0.42,0,0,12.97,5.6,28.0,2.52,0
MTR-100762,24.650722,46.760251,0.351,0,0,3.29,0.62,0,0,12.64,3.58,20.19,4.44,0
MTR-100763,24.774587,46.646258,0.529,0,0,6.6,0.89,0,0,11.24,4.27,23.75,2.49,0
MTR-100764,24.596983,46.693268,0.488,0,0,11.5,0.45,0,0,13.36,3.45,22.23,3.78,0
MTR-100765,24.731072,46.697242,0.006,2,0,8.98,1.36,0,0,12.44,3.53,20.65,4.85,0
MTR-100766,24.779215,46.596419,0.455,1,1,6.52,2.19,1,0,20.59,9.88,40.41,1.89,0
MTR-100767,24.807791,46.640859,0.472,0,0,11.15,0.43,0,0,12.75,3.83,21.91,3.56,0
MTR-100768,24.67412,46.633928,0.363,1,0,3.43,1.41,0,0,12.73,3.42,21.43,4.83,0
MTR-100769,24.793914,46.556849,0.107,0,0,8.46,1.63,0,0,12.68,4.61,23.18,2.39,0
MTR-100770,24.616258,46.556348,0.051,0,1,1.67,2.09,0,0,12.58,4.06,20.54,4.41,0
MTR-100771,24.800213,46.758224,0.528,0,0,10.22,1.18,0,0,11.98,3.42,21.95,1.0,0
MTR-100772,24.620472,46.618568,0.184,0,0,10.44,1.51,0,0,12.63,4.67,25.53,1.0,0
MTR-100773,24.687922,46.67982,0.391,0,1,8.92,0.01,0,0,12.64,3.93,24.88,2.52,0
MTR-100774,24.787924,46.624981,0.096,0,0,3.06,0.37,0,0,12.03,3.95,19.62,3.95,0
MTR-100775,24.626079,46.78547,0.149,1,1,9.13,1.02,0,0,12.56,4.52,19.99,1.0,0
MTR-100776,24.645913,46.615124,0.175,0,0,5.91,1.24,0,0,12.29,4.86,24.16,1.0,0
MTR-100777,24.769163,46.657714,0.479,0,0,4.58,3.72,1,0,21.78,10.2,59.28,2.73,0
MTR-100778,24.768609,46.768483,0.804,0,2,4.75,2.52,1,0,22.84,12.94,69.88,1.61,0
MTR-100779,24.748887,46.760783,0.415,1,1,6.97,1.06,0,0,12.48,4.54,31.71,1.0,0
MTR-100780,24.762087,46.596825,0.42,0,0,1.51,0.1,0,0,13.04,5.17,26.42,2.08,0
MTR-100781,24.724281,46.750961,0.475,0,0,7.23,1.75,0,0,12.91,4.57,29.08,3.26,0
MTR-100782,24.65155,46.664847,0.469,0,1,5.45,1.35,0,0,12.4,4.29,20.44,2.97,0
MTR-100783,24.675024,46.671042,0.245,0,0,1.37,2.11,0,0,12.04,4.92,22.22,1.2,0
MTR-100784,24.633999,46.58367,0.019,0,1,4.53,1.19,0,0,12.37,4.12,22.96,4.85,0
MTR-100785,24.815713,46.57045,0.426,0,0,11.09,0.67,0,0,12.64,3.94,22.92,1.94,0
MTR-100786,24.734448,46.732285,0.226,0,0,5.82,1.58,0,0,11.97,4.1,19.59,2.14,0
MTR-100787,24.688813,46.674415,0.569,0,0,2.43,0.75,0,0,12.76,4.24,24.32,3.16,0
MTR-100788,24.704101,46.659513,0.619,0,2,9.25,2.56,1,0,24.25,16.49,100.32,2.1,0
MTR-100789,24.825421,46.732677,0.615,0,0,11.61,4.25,1,0,22.87,13.32,67.54,5.2,0
MTR-100790,24.626938,46.741678,0.283,2,0,6.51,1.64,0,0,12.6,4.24,20.36,3.42,0
MTR-100791,24.735157,46.590027,0.768,2,1,0.53,2.96,1,0,25.28,14.11,80.48,4.73,0
MTR-100792,24.715072,46.702856,0.275,1,1,4.19,1.58,0,1,12.26,6.68,27.92,0.39,6
MTR-100793,24.741464,46.584139,0.316,1,1,7.38,0.36,0,0,11.98,4.55,25.42,2.19,0
MTR-100794,24.593128,46.738144,0.325,0,0,2.16,1.01,0,0,11.88,5.15,25.95,1.0,0
MTR-100795,24.806631,46.714539,0.135,0,1,4.21,0.82,0,0,12.06,4.6,20.96,1.7,0
MTR-100796,24.82163,46.789454,0.047,0,1,11.59,1.28,0,1,12.58,7.68,33.56,0.04,6
MTR-100797,24.729883,46.56754,0.265,0,0,4.17,3.17,1,0,25.18,14.88,80.31,1.38,0
MTR-100798,24.762763,46.564564,0.211,0,1,5.72,0.74,0,0,12.49,3.93,22.1,3.19,0
MTR-100799,24.819225,46.620847,0.465,0,1,7.56,0.5,0,0,11.21,4.87,21.94,1.0,0
MTR-100800,24.76541,46.615726,0.207,0,0,11.69,2.35,0,0,12.91,4.38,23.76,2.44,0
MTR-100801,24.626735,46.612045,0.178,0,0,10.31,2.63,0,0,13.13,3.79,23.67,2.72,0
MTR-100802,24.732672,46.776864,0.185,0,0,9.86,0.86,0,0,12.04,3.73,20.13,5.35,0
MTR-100803,24.740279,46.612687,0.431,1,0,9.72,3.44,1,0,20.92,8.64,50.28,4.86,0
MTR-100804,24.694633,46.618287,0.715,0,0,6.3,0.93,0,0,12.38,4.1,21.53,3.49,0
MTR-100805,24.772711,46.74015,0.524,0,1,5.06,3.35,1,0,20.77,7.97,41.06,4.78,0
MTR-100806,24.822192,46.662735,0.324,1,0,7.39,2.61,1,0,17.68,9.66,48.44,2.78,0
MTR-100807,24.819992,46.744478,0.085,0,0,6.92,1.1,0,0,12.97,4.1,26.24,5.27,0
MTR-100808,24.70131,46.566642,0.379,0,0,11.48,1.21,0,0,13.41,3.63,20.38,6.43,0
MTR-100809,24.61691,46.672193,0.273,1,1,11.79,2.86,0,0,12.91,4.27,21.53,1.45,0
MTR-100810,24.83481,46.558703,0.178,0,0,8.52,0.66,0,0,13.34,4.23,23.45,3.92,0
MTR-100811,24.798325,46.565963,0.156,1,0,9.21,1.36,0,0,13.2,3.97,21.33,4.6,0
MTR-100812,24.619766,46.776909,0.401,1,0,5.37,0.14,0,0,13.28,4.74,24.25,1.9,0
MTR-100813,24.81881,46.585111,0.143,1,0,6.69,1.6,0,0,12.67,4.12,21.47,2.59,0
MTR-100814,24.806074,46.683405,0.267,0,1,1.47,0.61,0,0,12.09,4.8,20.54,1.53,0
MTR-100815,24.71831,46.653074,0.371,0,1,5.26,2.24,0,0,13.43,4.41,25.99,4.76,0
MTR-100816,24.736419,46.637136,0.583,0,0,7.16,0.64,0,0,12.23,3.63,19.07,4.27,0
MTR-100817,24.688351,46.775258,0.102,1,0,4.69,1.03,0,0,13.14,5.11,26.11,1.15,0
MTR-100818,24.60229,46.555756,0.368,1,0,2.29,1.05,0,0,12.68,4.64,23.5,4.1,0
MTR-100819,24.672399,46.716247,0.306,0,0,7.74,0.24,0,0,13.04,4.01,22.43,6.43,0
MTR-100820,24.789313,46.791149,0.061,0,0,5.45,2.1,0,0,12.28,4.3,23.23,3.72,0
MTR-100821,24.589758,46.690342,0.183,0,0,5.87,1.79,0,0,12.88,3.6,21.21,1.12,0
MTR-100822,24.671975,46.784506,0.194,0,0,4.23,2.05,0,0,12.88,4.25,23.68,3.31,0
MTR-100823,24.688142,46.563364,0.422,0,1,2.88,2.34,0,0,12.16,4.0,23.2,3.87,0
MTR-100824,24.722949,46.654998,0.521,1,0,10.32,2.62,0,0,12.25,4.95,27.33,1.0,0
MTR-100825,24.818564,46.615339,0.492,0,0,3.62,2.56,1,0,26.17,17.23,86.06,3.46,0
MTR-100826,24.675186,46.733005,0.185,0,0,6.38,0.33,0,0,11.62,4.57,20.94,1.2,0
MTR-100827,24.675338,46.795624,0.538,1,0,1.81,1.12,0,0,12.36,4.21,20.41,3.17,0
MTR-100828,24.772975,46.614433,0.121,1,1,2.06,1.7,0,0,12.23,4.51,23.34,1.96,0
MTR-100829,24.701654,46.713844,0.434,1,1,3.34,0.86,0,0,12.49,4.32,23.82,3.11,0
MTR-100830,24.644751,46.599824,0.021,0,0,4.1,1.54,0,0,12.67,4.96,23.07,1.13,0
MTR-100831,24.70171,46.691633,0.326,0,1,3.94,1.43,0,0,11.66,4.52,23.83,1.45,0
MTR-100832,24.623814,46.666283,0.148,0,1,8.19,-0.12,0,0,12.34,3.96,20.54,1.39,0
MTR-100833,24.632697,46.793301,0.263,1,1,7.46,2.36,0,0,11.86,4.78,24.18,1.84,0
MTR-100834,24.713192,46.702432,0.413,0,0,11.44,2.07,0,0,12.86,3.66,21.07,4.34,0
MTR-100835,24.693331,46.637677,0.495,0,1,3.01,0.29,0,0,12.3,4.12,24.11,4.01,0
MTR-100836,24.817311,46.578824,0.158,0,1,0.53,0.85,0,0,12.73,3.69,21.61,4.18,0
MTR-100837,24.679198,46.588112,0.702,0,1,8.7,1.59,0,1,11.96,7.67,30.69,0.57,6
MTR-100838,24.733747,46.606629,0.274,0,0,7.08,1.15,0,0,12.54,4.56,26.2,4.04,0
MTR-100839,24.746666,46.613042,0.569,1,2,8.41,3.37,0,0,12.34,4.08,22.23,2.14,0
MTR-100840,24.591874,46.762954,0.538,0,0,5.68,1.81,0,0,12.7,4.19,25.23,2.31,0
MTR-100841,24.754484,46.690606,0.091,0,0,9.08,1.43,0,0,12.86,3.43,20.65,5.55,0
MTR-100842,24.633109,46.681148,0.236,0,0,2.63,0.18,0,0,13.01,3.7,20.13,2.71,0
MTR-100843,24.828868,46.578992,0.246,0,0,5.29,2.19,0,0,12.6,4.33,23.58,1.52,0
MTR-100844,24.625766,46.765335,0.149,1,0,2.55,0.94,0,0,12.76,4.22,23.15,6.26,0
MTR-100845,24.692256,46.731004,0.355,1,1,11.49,1.55,0,0,12.55,4.46,26.37,1.57,0
MTR-100846,24.609937,46.567217,0.286,0,0,10.94,0.86,0,0,11.74,3.96,21.63,3.48,0
MTR-100847,24.837819,46.727259,0.188,0,0,5.65,1.26,0,0,13.11,4.25,22.59,3.28,0
MTR-100848,24.714149,46.686185,0.393,1,0,11.41,3.26,1,0,24.03,12.86,70.28,4.51,0
MTR-100849,24.737446,46.570731,0.449,0,1,11.51,1.01,0,0,12.08,4.38,20.56,1.0,0
MTR-100850,24.605369,46.664875,0.319,0,0,4.79,0.96,0,0,13.79,3.53,25.58,2.58,0
MTR-100851,24.77609,46.671474,0.339,0,1,7.1,1.35,0,0,12.11,4.23,21.52,2.25,0
MTR-100852,24.641076,46.591744,0.495,0,1,8.67,1.47,0,0,13.03,3.76,21.59,5.52,0
MTR-100853,24.813114,46.786725,0.076,0,0,1.41,1.54,0,0,12.18,4.66,24.14,2.72,0
MTR-100854,24.639885,46.762794,0.475,0,2,11.09,0.4,0,0,12.15,3.9,20.47,1.0,0
MTR-100855,24.636272,46.717556,0.283,0,0,8.33,0.46,0,0,12.87,4.08,24.15,5.13,0
MTR-100856,24.597737,46.665874,0.397,0,2,10.99,2.42,0,0,12.23,4.31,22.15,3.59,0
MTR-100857,24.706617,46.653241,0.604,0,0,3.11,0.97,0,0,13.13,3.72,21.49,3.1,0
MTR-100858,24.72981,46.713043,0.082,0,0,10.26,-0.25,0,0,11.62,4.35,22.6,2.6,0
MTR-100859,24.605027,46.686658,0.782,1,1,8.49,3.07,1,0,17.63,7.3,42.16,2.84,0
MTR-100860,24.782482,46.565868,0.241,0,0,10.15,1.88,0,0,11.8,4.56,25.34,1.0,0
MTR-100861,24.701922,46.678426,0.331,1,1,5.08,0.19,0,0,11.37,4.28,21.63,1.22,0
MTR-100862,24.719698,46.751901,0.29,0,0,2.9,1.67,0,0,12.43,4.19,21.13,1.99,0
MTR-100863,24.698791,46.66511,0.234,0,0,9.42,0.64,0,0,12.83,3.58,25.17,2.16,0
MTR-100864,24.688791,46.563289,0.64,0,0,9.97,1.12,1,0,19.25,10.63,58.59,1.47,0
MTR-100865,24.72851,46.74687,0.208,0,0,5.56,0.93,0,0,13.44,4.2,23.16,5.59,0
MTR-100866,24.62741,46.600641,0.206,1,0,8.53,1.34,0,0,13.33,4.54,22.94,2.25,0
MTR-100867,24.634082,46.614955,0.299,0,0,10.53,1.58,0,0,11.99,4.12,22.19,2.97,0
MTR-100868,24.804046,46.591477,0.261,0,0,3.78,1.38,0,0,13.05,3.68,22.32,5.68,0
MTR-100869,24.825129,46.632854,0.348,0,2,6.71,1.5,0,0,12.88,3.19,21.74,6.53,0
MTR-100870,24.681927,46.739488,0.555,0,1,8.41,-0.3,0,0,12.69,4.6,22.19,1.35,0
MTR-100871,24.656286,46.680146,0.404,0,0,8.37,1.38,0,0,12.32,4.07,22.22,3.96,0
MTR-100872,24.7496,46.60152,0.699,0,0,7.76,1.19,0,0,12.26,3.74,22.56,3.13,0
MTR-100873,24.690784,46.769758,0.697,0,0,5.77,2.09,0,0,12.5,4.34,23.44,1.64,0
MTR-100874,24.594947,46.770195,0.428,0,1,5.82,3.05,1,0,19.26,12.17,71.43,1.31,0
MTR-100875,24.627638,46.767945,0.8,1,1,8.74,4.03,1,0,24.23,11.85,60.19,1.78,0
MTR-100876,24.767593,46.609999,0.659,3,0,3.19,2.59,1,0,23.98,14.9,78.7,2.8,0
MTR-100877,24.753331,46.66311,0.323,0,0,9.38,1.04,0,0,12.26,4.27,25.8,3.43,0
MTR-100878,24.595374,46.796547,0.589,0,0,7.12,1.39,0,0,11.25,4.59,25.89,1.54,0
MTR-100879,24.644093,46.743303,0.647,0,0,4.92,2.62,1,0,19.95,11.85,59.63,2.53,0
MTR-100880,24.646369,46.557092,0.084,0,1,2.53,1.06,0,0,12.03,3.99,18.68,3.08,0
MTR-100881,24.756573,46.566601,0.334,0,1,5.35,1.4,0,0,12.54,3.86,22.76,6.18,0
MTR-100882,24.593528,46.666283,0.279,0,0,2.95,3.4,1,0,24.82,14.96,82.96,2.39,0
MTR-100883,24.614627,46.777605,0.51,2,0,7.96,1.91,1,0,23.97,12.32,66.76,3.82,0
MTR-100884,24.788579,46.684975,0.282,0,0,2.16,0.67,0,0,13.05,4.27,25.63,4.83,0
MTR-100885,24.633236,46.674753,0.165,0,0,7.26,0.26,0,0,11.81,4.27,23.61,3.07,0
MTR-100886,24.751787,46.576668,0.136,0,1,3.83,1.35,0,0,12.85,4.36,23.16,3.27,0
MTR-100887,24.648146,46.714495,0.287,1,2,11.83,3.57,1,0,17.84,9.56,58.36,2.86,0
MTR-100888,24.61346,46.755826,0.26,1,0,4.83,3.11,1,0,21.24,8.79,40.61,2.34,0
MTR-100889,24.649393,46.645405,0.402,1,1,7.46,1.29,0,0,12.03,3.87,22.57,1.55,0
MTR-100890,24.769167,46.744203,0.809,1,0,6.65,0.88,0,0,12.35,4.01,24.58,1.0,0
MTR-100891,24.802524,46.791419,0.555,1,0,9.59,2.89,1,0,19.27,10.81,52.2,1.48,0
MTR-100892,24.796155,46.601242,0.152,0,0,5.46,0.92,0,0,12.94,3.84,18.76,2.82,0
MTR-100893,24.687896,46.681132,0.361,0,0,9.31,1.26,0,0,12.21,4.44,23.84,4.1,0
MTR-100894,24.755621,46.622084,0.547,0,0,11.14,1.11,0,1,11.97,7.31,33.92,0.47,6
MTR-100895,24.639846,46.748514,0.409,0,0,0.8,0.29,0,0,12.21,4.09,25.28,1.74,0
MTR-100896,24.661887,46.694698,0.036,1,0,5.46,0.33,0,0,13.02,4.43,25.03,3.01,0
MTR-100897,24.812684,46.708946,0.557,0,0,11.63,1.66,0,0,12.61,4.09,22.28,1.53,0
MTR-100898,24.59185,46.749779,0.303,1,0,3.8,1.88,0,0,12.65,4.35,23.08,4.76,0
MTR-100899,24.609977,46.649293,0.6,0,3,3.13,4.21,1,0,21.67,11.05,55.24,2.66,0
MTR-100900,24.640572,46.779073,0.61,0,1,9.67,-0.19,0,0,12.99,4.3,20.61,3.73,0
MTR-100901,24.595233,46.683557,0.381,0,0,6.19,0.3,0,1,11.91,7.04,28.62,0.25,6
MTR-100902,24.633959,46.589789,0.377,0,0,9.78,1.52,0,0,12.92,5.52,24.27,1.0,0
MTR-100903,24.73436,46.724275,0.128,0,0,6.48,2.26,0,0,12.77,4.49,21.61,1.49,0
MTR-100904,24.693956,46.748615,0.242,0,2,6.93,0.47,0,0,12.65,4.21,22.3,2.14,0
MTR-100905,24.811768,46.62949,0.635,0,0,8.39,0.87,0,0,12.46,3.75,20.27,5.03,0
MTR-100906,24.792961,46.764595,0.146,0,0,10.51,1.12,0,0,12.63,4.17,21.84,3.0,0
MTR-100907,24.674054,46.776836,0.494,0,0,11.31,0.52,0,0,12.14,3.6,20.17,3.3,0
MTR-100908,24.653456,46.619526,0.235,1,0,7.87,0.33,0,0,12.12,4.67,21.68,1.81,0
MTR-100909,24.683523,46.79618,0.318,0,0,6.34,1.86,0,0,12.9,4.61,25.82,3.39,0
MTR-100910,24.736174,46.585478,0.283,0,0,9.25,1.83,0,0,13.21,4.77,23.56,1.0,0
MTR-100911,24.655616,46.600804,0.221,0,0,4.99,2.03,0,0,13.11,4.66,28.02,3.15,0
MTR-100912,24.744637,46.596356,0.537,0,0,7.69,0.81,0,0,12.17,4.68,22.44,1.76,0
MTR-100913,24.690953,46.773797,0.147,0,0,5.31,0.08,0,0,13.13,3.65,23.06,2.88,0
MTR-100914,24.726612,46.713873,0.347,0,1,10.38,2.74,0,0,12.3,4.27,20.44,2.21,0
MTR-100915,24.697632,46.588326,0.227,0,0,6.89,1.73,0,0,12.93,4.41,23.12,4.55,0
MTR-100916,24.662216,46.660381,0.079,0,0,3.39,0.32,0,0,12.2,3.85,22.48,6.09,0
MTR-100917,24.825713,46.704125,0.431,0,1,8.02,0.93,0,0,13.45,4.25,25.44,3.62,0
MTR-100918,24.779501,46.571166,0.182,2,1,3.05,3.46,1,0,19.02,8.73,42.5,1.78,0
MTR-100919,24.623628,46.770904,0.337,1,0,0.61,1.3,1,0,17.93,7.74,38.45,1.39,0
MTR-100920,24.805717,46.751201,0.182,0,0,10.66,0.29,0,0,12.62,4.61,28.81,2.45,0
MTR-100921,24.710458,46.676602,0.574,0,0,10.23,1.55,0,0,12.64,4.69,22.4,1.0,0
MTR-100922,24.812238,46.792082,0.194,0,2,2.74,1.65,0,0,12.59,3.36,20.9,5.55,0
MTR-100923,24.788564,46.65474,0.294,0,0,3.09,1.04,0,0,12.59,4.22,24.31,4.21,0
MTR-100924,24.694903,46.796328,0.261,0,0,5.77,3.22,1,0,24.4,12.07,71.17,4.7,0
MTR-100925,24.594217,46.71728,0.094,0,0,2.05,0.47,0,0,11.97,3.85,26.18,2.13,0
MTR-100926,24.655769,46.708968,0.638,0,2,3.8,2.82,1,0,18.98,11.03,57.94,1.38,0
MTR-100927,24.724009,46.591789,0.422,0,1,10.09,1.33,0,0,12.77,4.04,21.37,4.47,0
MTR-100928,24.74697,46.770782,0.239,0,0,3.34,0.55,0,0,12.09,4.56,22.8,1.22,0
MTR-100929,24.653072,46.657172,0.368,0,0,9.11,1.65,0,0,12.62,4.4,23.5,1.0,0
MTR-100930,24.623439,46.590858,0.125,0,0,7.87,-0.05,0,0,13.63,3.6,21.79,6.43,0
MTR-100931,24.797333,46.553452,0.187,0,2,7.65,0.56,0,0,12.24,4.78,25.15,1.0,0
MTR-100932,24.834701,46.690239,0.198,0,0,2.64,1.5,0,0,12.32,4.21,21.53,2.62,0
MTR-100933,24.720023,46.68215,0.109,0,1,5.71,1.49,0,0,13.34,4.84,25.44,4.41,0
MTR-100934,24.63152,46.730138,0.313,1,1,3.44,2.82,1,0,21.53,12.09,60.11,3.04,0
MTR-100935,24.656677,46.772865,0.109,0,0,8.71,2.57,0,0,12.47,3.9,26.08,4.89,0
MTR-100936,24.593198,46.570152,0.632,0,0,4.02,1.96,1,0,23.97,13.25,60.64,1.7,0
MTR-100937,24.817175,46.733174,0.155,1,0,8.77,0.29,0,0,12.92,3.76,20.89,2.41,0
MTR-100938,24.618038,46.597153,0.26,0,0,2.86,1.38,0,0,12.31,4.48,29.21,1.09,0
MTR-100939,24.732729,46.764844,0.657,0,2,6.88,1.42,0,0,13.41,5.38,25.51,1.0,0
MTR-100940,24.657114,46.755066,0.466,0,0,7.3,2.41,1,0,24.44,12.21,57.58,0.3,0
MTR-100941,24.727145,46.685498,0.07,0,0,11.38,1.62,0,0,12.75,4.06,22.62,3.77,0
MTR-100942,24.751455,46.727861,0.238,0,0,10.3,1.41,0,0,12.71,3.69,20.32,4.83,0
MTR-100943,24.796035,46.628888,0.302,0,0,10.32,-0.57,0,0,12.41,4.29,19.45,4.63,0
MTR-100944,24.640205,46.668092,0.23,0,0,2.45,1.3,0,0,13.32,4.76,30.56,4.59,0
MTR-100945,24.591349,46.755709,0.305,0,0,5.84,1.58,0,0,12.71,4.7,26.45,3.12,0
MTR-100946,24.622821,46.665116,0.598,0,0,9.66,0.56,0,0,12.49,3.97,21.64,3.13,0
MTR-100947,24.813605,46.63975,0.116,0,0,6.03,0.64,0,0,11.68,4.26,20.92,1.11,0
MTR-100948,24.807073,46.673853,0.144,0,0,7.87,-0.36,0,0,11.34,3.36,20.34,4.44,0
MTR-100949,24.737953,46.757362,0.413,0,0,6.99,0.21,0,0,12.82,3.88,19.94,4.73,0
MTR-100950,24.738729,46.634102,0.261,0,0,7.06,2.1,0,0,12.38,3.99,21.96,3.33,0
MTR-100951,24.754859,46.59374,0.346,0,1,4.68,1.58,0,0,12.16,4.24,22.07,1.0,0
MTR-100952,24.632443,46.728304,0.449,1,1,2.9,2.48,1,0,24.57,13.61,72.44,1.91,0
MTR-100953,24.817203,46.756795,0.273,0,0,11.06,1.94,0,0,13.22,4.66,28.18,3.04,0
MTR-100954,24.693293,46.575459,0.156,0,0,6.95,0.78,0,0,11.82,4.07,20.64,4.03,0
MTR-100955,24.684385,46.610269,0.33,0,2,11.38,0.91,0,0,12.09,4.16,20.72,3.24,0
MTR-100956,24.718329,46.585793,0.241,0,0,11.93,1.59,0,0,13.05,3.91,23.48,4.44,0
MTR-100957,24.600341,46.637285,0.364,0,1,4.84,2.34,0,0,13.14,3.8,22.1,4.63,0
MTR-100958,24.630171,46.662888,0.326,1,1,8.02,2.64,1,0,21.09,9.7,54.93,1.66,0
MTR-100959,24.773108,46.737507,0.374,0,0,7.15,1.2,0,0,11.99,3.68,20.64,4.09,0
MTR-100960,24.6093,46.713087,0.684,1,2,7.34,2.85,1,0,21.14,11.7,61.78,2.55,0
MTR-100961,24.739388,46.705532,0.202,0,0,11.04,1.23,0,0,12.97,3.89,25.78,4.1,0
MTR-100962,24.649937,46.638394,0.056,0,0,2.96,1.28,0,0,12.81,4.76,26.21,1.0,0
MTR-100963,24.685924,46.760662,0.091,0,0,0.77,0.33,0,0,12.67,4.01,22.37,5.38,0
MTR-100964,24.660773,46.668122,0.672,2,0,1.8,2.96,1,0,23.34,13.77,75.33,1.82,0
MTR-100965,24.677518,46.795076,0.117,0,0,0.57,1.33,0,0,12.72,3.95,19.54,3.91,0
MTR-100966,24.768361,46.708836,0.133,1,0,10.05,0.87,0,0,12.01,4.06,22.55,3.89,0
MTR-100967,24.66288,46.581866,0.265,0,0,9.12,3.84,0,0,11.37,4.05,20.42,1.0,0
MTR-100968,24.730201,46.719344,0.358,0,1,11.39,1.85,0,0,12.56,4.0,24.9,3.9,0
MTR-100969,24.707613,46.631576,0.221,0,0,2.84,1.75,0,0,11.38,4.44,25.95,3.26,0
MTR-100970,24.754518,46.721882,0.514,0,0,0.59,1.06,0,0,12.47,4.21,20.74,3.87,0
MTR-100971,24.822807,46.56771,0.032,0,1,2.41,1.74,0,0,12.59,4.15,21.9,2.58,0
MTR-100972,24.771743,46.59402,0.585,1,1,11.39,1.0,0,0,11.9,4.95,27.07,1.0,0
MTR-100973,24.642335,46.764234,0.248,0,0,3.28,0.69,0,0,12.29,3.69,20.78,1.97,0
MTR-100974,24.596396,46.607095,0.536,2,0,9.73,3.06,1,0,21.02,11.19,54.44,0.85,0
MTR-100975,24.654166,46.75956,0.644,2,0,8.23,4.36,1,0,24.9,15.44,63.65,4.52,0
MTR-100976,24.737369,46.620119,0.246,0,2,5.82,2.11,0,0,12.18,3.1,20.89,5.24,0
MTR-100977,24.601456,46.71102,0.133,0,0,3.74,0.86,0,0,12.27,4.18,19.89,5.29,0
MTR-100978,24.712692,46.723838,0.305,0,0,1.26,1.9,0,0,12.21,3.57,20.57,2.91,0
MTR-100979,24.737811,46.678464,0.481,0,0,10.89,0.14,0,0,12.72,4.12,24.06,3.43,0
MTR-100980,24.672161,46.626628,0.221,0,0,10.58,1.12,0,0,12.89,5.04,28.45,2.38,0
MTR-100981,24.781328,46.603461,0.294,0,0,3.91,0.7,0,0,12.58,4.08,22.12,3.66,0
MTR-100982,24.61525,46.558597,0.389,0,1,10.4,1.62,0,0,11.93,4.57,22.52,1.0,0
MTR-100983,24.607384,46.626287,0.267,0,1,5.86,1.87,0,0,12.24,4.56,26.25,3.4,0
MTR-100984,24.770647,46.713591,0.225,0,0,4.82,1.3,0,0,12.41,4.26,22.36,1.43,0
MTR-100985,24.712473,46.784876,0.241,1,0,5.17,3.68,1,0,18.95,11.62,60.19,4.03,0
MTR-100986,24.760701,46.768101,0.351,0,1,4.25,1.12,0,0,12.46,4.22,23.53,3.58,0
MTR-100987,24.697307,46.741816,0.341,1,0,1.78,0.97,0,0,11.66,3.69,20.62,1.7,0
MTR-100988,24.650201,46.747412,0.232,1,0,0.56,0.37,0,0,12.08,4.23,21.5,1.0,0
MTR-100989,24.793376,46.716546,0.312,0,0,8.96,1.63,0,0,12.11,4.76,23.32,3.13,0
MTR-100990,24.788454,46.615372,0.194,0,0,10.06,1.01,0,0,12.63,4.17,21.14,4.76,0
MTR-100991,24.762274,46.777099,0.509,2,0,10.77,3.1,1,0,22.81,12.81,68.02,2.36,0
MTR-100992,24.656636,46.717983,0.492,0,1,0.87,2.96,1,0,20.98,12.61,76.98,1.57,0
MTR-100993,24.736158,46.69041,0.442,0,1,11.07,1.53,0,0,12.67,4.03,24.9,1.0,0
MTR-100994,24.678843,46.578047,0.341,1,1,0.95,2.66,1,0,22.23,12.3,68.93,1.79,0
MTR-100995,24.611496,46.662064,0.691,0,0,3.65,1.53,0,1,12.38,7.67,34.73,0.18,6
MTR-100996,24.817928,46.66539,0.483,0,0,8.39,3.52,1,0,21.83,12.98,66.55,2.38,0
MTR-100997,24.622805,46.766441,0.387,2,0,2.5,2.83,1,0,26.44,15.26,78.65,2.94,0
MTR-100998,24.826159,46.686962,0.06,0,0,2.45,0.53,0,0,13.29,4.21,21.94,1.77,0
MTR-100999,24.700101,46.6454,0.276,0,0,9.71,0.8,0,0,13.09,4.37,22.73,4.12,0
MTR-101000,24.634883,46.7945,0.312,0,1,10.14,0.52,0,0,12.37,4.48,22.24,4.51,0
MTR-101001,24.724075,46.57798,0.499,0,1,0.61,1.61,0,0,11.8,3.54,19.17,1.0,0
MTR-101002,24.806836,46.655937,0.156,0,0,0.84,1.83,0,1,14.2,7.48,32.72,0.35,6
MTR-101003,24.771656,46.560806,0.441,0,0,10.33,1.66,0,0,13.46,4.75,23.69,5.55,0
MTR-101004,24.79024,46.735276,0.029,0,0,4.52,2.03,0,0,13.25,3.51,20.5,5.37,0
MTR-101005,24.753296,46.779819,0.501,0,0,10.23,4.19,1,0,21.19,11.73,51.47,1.97,0
MTR-101006,24.761669,46.620309,0.656,0,0,1.99,2.81,1,0,25.28,14.18,83.07,0.47,0
MTR-101007,24.800899,46.764885,0.224,1,1,8.73,0.75,0,1,13.51,8.82,36.9,0.04,6
MTR-101008,24.651017,46.623355,0.379,1,1,3.0,1.3,0,0,11.83,4.24,26.56,1.41,0
MTR-101009,24.710956,46.777993,0.357,0,0,6.55,0.83,0,0,11.56,4.23,22.86,4.17,0
MTR-101010,24.643902,46.73879,0.085,0,1,10.73,0.88,0,0,12.2,4.13,21.89,4.28,0
MTR-101011,24.835517,46.751527,0.414,0,0,6.77,1.14,0,0,13.2,4.58,21.66,2.24,0
MTR-101012,24.824615,46.554802,0.117,0,2,0.62,2.55,0,0,12.84,4.19,20.16,1.08,0
MTR-101013,24.598457,46.791003,0.256,0,1,4.44,1.07,0,0,12.35,4.06,25.84,1.85,0
MTR-101014,24.764994,46.731968,0.599,0,1,9.07,3.86,1,0,25.76,15.57,73.61,3.86,0
MTR-101015,24.819912,46.626488,0.24,0,0,6.57,0.3,0,0,12.35,3.71,20.18,3.19,0
MTR-101016,24.633744,46.757649,0.594,0,0,6.06,0.35,0,0,13.31,4.45,28.2,6.08,0
MTR-101017,24.730586,46.62068,0.27,1,0,5.91,2.73,0,0,11.34,3.69,23.4,3.21,0
MTR-101018,24.817472,46.768488,0.207,0,0,3.04,1.18,0,0,12.25,4.33,23.47,2.93,0
MTR-101019,24.597086,46.578445,0.396,0,0,3.39,1.96,0,0,13.14,5.16,28.11,1.76,0
MTR-101020,24.762955,46.726221,0.1,0,0,7.59,0.59,0,0,12.41,4.61,25.77,4.21,0
MTR-101021,24.662937,46.685475,0.432,1,0,7.02,1.43,0,0,12.54,4.95,22.26,3.54,0
MTR-101022,24.819699,46.574434,0.193,0,0,4.14,0.38,0,0,12.66,3.96,19.94,2.7,0
MTR-101023,24.831365,46.610773,0.436,0,0,6.37,0.34,0,0,12.34,4.25,22.53,2.85,0
MTR-101024,24.824667,46.553401,0.831,1,0,3.3,2.9,1,0,23.44,13.32,63.29,4.48,0
MTR-101025,24.707154,46.667492,0.578,1,0,8.09,0.74,0,0,12.2,4.29,26.46,2.64,0
MTR-101026,24.804111,46.625616,0.318,0,0,2.59,2.35,0,0,12.94,4.13,25.05,2.3,0
MTR-101027,24.799737,46.699889,0.251,0,1,7.38,1.6,0,0,12.09,3.72,20.44,2.98,0
MTR-101028,24.668375,46.624609,0.375,0,0,5.33,3.29,1,0,24.69,16.17,96.59,0.59,0
MTR-101029,24.795829,46.62528,0.055,0,0,7.13,0.57,0,0,13.77,4.18,23.29,3.58,0
MTR-101030,24.597852,46.736098,0.137,0,1,0.67,1.4,0,0,12.45,4.24,26.25,4.53,0
MTR-101031,24.737667,46.562336,0.53,0,0,6.02,0.55,0,1,11.17,6.76,26.95,0.43,6
MTR-101032,24.646102,46.776024,0.139,0,0,7.99,1.31,0,0,12.49,3.99,24.48,4.4,0
MTR-101033,24.618742,46.763366,0.189,0,0,3.42,1.66,0,0,12.86,4.6,22.51,1.86,0
MTR-101034,24.607838,46.717251,0.192,0,0,3.32,1.78,0,0,12.05,4.54,26.19,3.93,0
MTR-101035,24.762672,46.698605,0.379,0,0,5.35,1.67,0,0,12.19,4.25,24.15,1.58,0
MTR-101036,24.673569,46.773376,0.405,0,0,10.93,1.39,0,0,12.11,5.01,30.17,1.0,0
MTR-101037,24.769792,46.596633,0.304,0,1,6.37,0.1,0,0,12.5,4.15,24.51,4.7,0
MTR-101038,24.604939,46.570042,0.684,2,1,2.24,2.87,1,0,18.47,8.29,42.09,2.34,0
MTR-101039,24.667423,46.610178,0.886,0,1,3.85,4.19,1,0,19.43,10.29,56.49,1.14,0
MTR-101040,24.723473,46.748945,0.183,0,1,8.82,1.08,0,0,11.13,4.07,19.33,1.0,0
MTR-101041,24.786281,46.558968,0.398,0,0,1.77,1.37,0,0,11.89,4.68,24.35,1.0,0
MTR-101042,24.668288,46.696002,0.396,0,1,4.29,1.74,0,0,14.11,4.44,25.97,2.42,0
MTR-101043,24.745073,46.799159,0.19,0,0,7.48,1.93,0,1,15.12,8.04,36.9,0.93,6
MTR-101044,24.810094,46.764224,0.423,0,0,1.58,2.35,0,1,13.26,7.66,34.28,0.4,6
MTR-101045,24.742566,46.680661,0.134,0,0,8.12,2.02,0,0,12.1,3.57,18.5,4.67,0
MTR-101046,24.64684,46.56621,0.294,0,0,2.92,3.16,1,0,22.0,13.63,69.66,1.62,0
MTR-101047,24.5947,46.758143,0.162,0,0,3.99,2.79,0,0,12.13,4.28,18.55,1.0,0
MTR-101048,24.806125,46.700045,0.172,0,0,8.08,-0.25,0,0,11.96,4.49,26.64,2.51,0
MTR-101049,24.593917,46.579033,0.289,0,0,5.82,0.84,0,0,12.4,3.64,22.21,5.69,0
MTR-101050,24.807275,46.573764,0.316,1,0,2.69,0.89,0,0,13.22,3.93,22.76,5.0,0
MTR-101051,24.720834,46.777707,0.209,0,2,8.33,-0.01,0,0,12.45,4.15,23.61,3.63,0
MTR-101052,24.823367,46.7176,0.201,0,0,3.53,1.58,0,0,11.84,3.66,19.18,4.14,0
MTR-101053,24.788296,46.757622,0.206,0,0,7.6,1.33,0,0,13.03,3.96,24.23,5.28,0
MTR-101054,24.838084,46.770045,0.402,0,0,6.74,0.72,0,1,14.87,8.5,34.79,0.39,6
MTR-101055,24.676278,46.693243,0.332,0,0,11.58,0.81,0,0,13.19,4.87,24.61,1.92,0
MTR-101056,24.780397,46.679662,0.177,0,0,3.21,2.31,0,0,12.55,4.98,22.82,2.46,0
MTR-101057,24.689083,46.657907,0.397,0,0,5.36,0.25,0,0,13.18,3.42,21.65,6.5,0
MTR-101058,24.708569,46.629537,0.501,0,0,0.99,1.74,0,0,12.56,3.78,19.77,4.03,0
MTR-101059,24.745476,46.658949,0.173,0,0,3.44,0.9,0,0,11.48,4.68,22.69,1.0,0
MTR-101060,24.807019,46.74377,0.777,0,0,10.82,0.49,0,0,13.51,3.9,23.54,5.54,0
MTR-101061,24.834621,46.700781,0.047,0,0,5.18,-0.4,0,0,13.16,3.95,23.73,3.83,0
MTR-101062,24.780668,46.773431,0.135,2,1,4.42,1.49,0,0,12.23,4.61,21.55,1.41,0
MTR-101063,24.693042,46.661145,0.376,0,0,4.15,-0.12,0,0,11.17,4.45,22.47,3.77,0
MTR-101064,24.693939,46.702072,0.401,0,0,1.45,1.96,0,0,11.89,3.84,19.12,2.09,0
MTR-101065,24.772996,46.708127,0.34,0,0,1.96,1.33,0,0,13.07,4.24,24.21,5.5,0
MTR-101066,24.648294,46.698224,0.309,0,0,9.77,0.38,0,0,12.11,4.14,21.26,1.0,0
MTR-101067,24.616219,46.725958,0.102,0,0,6.85,0.42,0,0,13.03,3.7,21.87,5.62,0
MTR-101068,24.677256,46.609658,0.936,3,1,11.71,2.31,1,0,21.62,14.13,70.92,1.3,0
MTR-101069,24.66041,46.678391,0.332,1,0,7.11,1.06,0,0,13.13,4.19,23.57,6.35,0
MTR-101070,24.662677,46.576356,0.092,0,0,11.58,1.69,0,0,12.76,3.31,23.24,6.25,0
MTR-101071,24.647002,46.646428,0.453,0,1,4.2,2.96,1,0,20.09,9.46,45.24,1.9,0
MTR-101072,24.599123,46.672217,0.46,0,0,11.0,1.39,0,0,12.25,4.04,19.51,1.0,0
MTR-101073,24.593068,46.713356,0.238,0,0,9.23,0.49,0,0,12.02,3.91,22.54,1.0,0
MTR-101074,24.835531,46.787933,0.403,1,1,6.85,3.17,1,0,20.63,11.08,60.69,2.46,0
MTR-101075,24.695543,46.700463,0.837,0,0,7.05,3.02,1,0,21.27,8.54,53.77,4.96,0
MTR-101076,24.684682,46.736198,0.714,0,0,3.38,0.52,0,1,13.29,6.98,27.59,0.17,6
MTR-101077,24.758512,46.676867,0.105,1,0,7.47,-0.24,0,0,12.5,4.76,22.65,1.0,0
MTR-101078,24.643163,46.708826,0.227,0,0,1.53,1.69,0,0,11.59,4.11,20.38,2.81,0
MTR-101079,24.82609,46.568033,0.117,1,0,6.9,0.95,0,0,11.96,3.89,21.54,5.12,0
MTR-101080,24.785186,46.613898,0.325,0,0,8.87,0.82,0,0,12.26,3.98,24.25,5.57,0
MTR-101081,24.610953,46.640763,0.057,0,0,11.54,1.0,0,0,12.87,4.54,23.82,1.12,0
MTR-101082,24.692995,46.668423,0.491,0,0,11.48,0.69,0,0,12.65,4.41,22.22,3.58,0
MTR-101083,24.80838,46.561712,0.733,2,0,0.98,2.96,1,0,25.12,17.16,93.17,2.17,0
MTR-101084,24.824783,46.585306,0.249,1,0,11.22,1.84,0,0,13.43,4.49,28.93,1.16,0
MTR-101085,24.70545,46.619504,0.307,0,0,2.24,2.24,0,0,11.67,3.7,20.05,2.75,0
MTR-101086,24.741953,46.793183,0.285,0,0,11.88,2.04,0,0,13.8,3.97,23.55,5.79,0
MTR-101087,24.630358,46.633137,0.161,0,0,11.68,0.56,0,0,12.0,4.51,28.08,3.08,0
MTR-101088,24.836392,46.67081,0.328,0,0,5.32,0.81,0,0,12.3,3.86,20.22,1.91,0
MTR-101089,24.646518,46.599324,0.362,0,0,9.96,1.76,0,0,13.36,4.44,22.41,2.65,0
MTR-101090,24.824283,46.702995,0.501,0,1,5.44,1.43,0,0,12.06,4.55,21.67,2.36,0
MTR-101091,24.751012,46.620471,0.221,0,0,11.23,0.58,0,0,12.48,3.65,20.56,3.45,0
MTR-101092,24.740534,46.602048,0.513,0,0,3.97,3.41,1,0,18.52,10.53,55.36,2.3,0
MTR-101093,24.716772,46.679443,0.725,1,1,2.59,2.51,1,0,22.07,14.5,84.3,4.34,0
MTR-101094,24.646267,46.551676,0.235,0,0,11.01,2.76,0,0,12.44,4.65,31.95,4.59,0
MTR-101095,24.632732,46.552216,0.168,0,1,8.56,1.05,0,0,13.54,4.46,26.0,4.57,0
MTR-101096,24.643722,46.605067,0.655,0,0,4.63,3.19,1,0,23.05,11.4,68.83,3.28,0
MTR-101097,24.63521,46.55948,0.42,0,0,4.9,2.78,1,0,20.5,13.98,57.47,1.38,0
MTR-101098,24.783496,46.577306,0.355,0,0,11.77,1.06,0,0,12.0,4.39,23.2,2.71,0
MTR-101099,24.676131,46.635015,0.232,1,1,8.25,1.59,0,0,13.13,4.43,25.51,4.68,0
MTR-101100,24.603061,46.750946,0.433,0,0,1.49,0.58,0,0,12.77,4.65,23.81,4.09,0
MTR-101101,24.830876,46.693312,0.406,1,1,7.11,2.61,1,0,21.75,12.0,69.22,2.91,0
MTR-101102,24.809546,46.678467,0.182,0,0,9.1,1.6,0,1,13.6,7.13,30.29,0.38,6
MTR-101103,24.820538,46.623672,0.169,0,0,6.1,1.52,0,0,12.3,4.11,24.48,1.2,0
MTR-101104,24.837327,46.783238,0.557,3,2,1.31,2.61,1,0,19.56,9.16,53.92,3.33,0
MTR-101105,24.632074,46.649554,0.187,1,0,7.82,1.55,0,0,13.14,4.04,20.41,6.0,0
MTR-101106,24.687661,46.572073,0.494,0,2,2.32,-0.3,0,1,14.73,7.86,34.34,0.34,6
MTR-101107,24.77816,46.704567,0.479,0,0,2.9,0.81,0,0,12.7,4.15,26.13,4.36,0
MTR-101108,24.762605,46.57876,0.344,0,0,3.83,2.95,1,0,23.57,10.66,55.99,1.32,0
MTR-101109,24.627074,46.636606,0.123,0,0,10.91,0.54,0,0,12.78,4.19,21.2,1.35,0
MTR-101110,24.792558,46.677153,0.066,0,0,8.48,2.54,0,0,13.38,3.78,23.05,4.69,0
MTR-101111,24.64471,46.768856,0.096,1,1,2.13,2.16,0,0,12.29,4.76,22.96,1.0,0
MTR-101112,24.644554,46.673687,0.46,0,0,5.98,1.09,0,1,13.2,7.7,29.09,0.04,6
MTR-101113,24.722844,46.725865,0.515,1,0,2.46,3.07,1,0,25.2,11.02,62.42,5.11,0
MTR-101114,24.736835,46.798504,0.529,0,2,5.35,2.45,1,0,21.41,11.22,55.75,2.84,0
MTR-101115,24.733622,46.583172,0.396,0,0,1.28,2.73,1,0,24.62,14.17,63.42,1.68,0
MTR-101116,24.611472,46.618983,0.554,1,1,3.91,1.64,0,0,12.06,4.48,27.91,1.0,0
MTR-101117,24.807965,46.648944,0.026,0,0,10.71,1.58,0,0,11.73,3.41,18.05,4.52,0
MTR-101118,24.655,46.655757,0.327,0,0,4.62,0.98,0,0,12.13,3.77,20.03,3.49,0
MTR-101119,24.620979,46.653055,0.283,0,0,6.59,2.02,0,0,12.35,4.61,25.51,2.55,0
MTR-101120,24.810787,46.777203,0.707,0,1,2.57,1.34,0,0,11.85,4.07,22.29,1.23,0
MTR-101121,24.827513,46.728808,0.203,0,1,7.56,1.22,0,0,13.54,4.02,21.98,3.26,0
MTR-101122,24.804132,46.702276,0.253,0,0,5.25,1.22,0,0,12.04,4.71,25.45,1.0,0
MTR-101123,24.790979,46.627643,0.277,0,0,3.6,0.74,0,0,13.24,3.9,22.02,2.12,0
MTR-101124,24.75241,46.756248,0.573,0,0,4.89,1.26,0,0,12.48,4.04,23.16,1.0,0
MTR-101125,24.726314,46.789065,0.102,0,1,9.33,0.2,0,0,12.07,4.38,24.74,2.84,0
MTR-101126,24.610347,46.7556,0.207,0,0,1.93,1.34,0,1,11.66,7.13,28.91,0.52,6
MTR-101127,24.690713,46.550691,0.334,0,0,4.95,1.09,0,0,12.06,4.15,21.64,1.0,0
MTR-101128,24.681772,46.7094,0.753,0,2,7.03,0.62,0,1,12.95,8.03,44.42,0.66,6
MTR-101129,24.653538,46.563084,0.354,0,0,1.94,0.62,0,0,12.35,4.09,25.68,4.96,0
MTR-101130,24.769455,46.614702,0.314,0,1,4.69,0.79,0,0,12.79,4.51,24.3,3.5,0
MTR-101131,24.712569,46.565181,0.343,2,0,1.26,3.05,1,0,20.57,12.39,58.39,1.37,0
MTR-101132,24.608862,46.701249,0.231,0,0,2.62,1.51,0,0,12.75,4.06,20.18,2.78,0
MTR-101133,24.643646,46.721947,0.077,0,2,3.5,1.44,0,0,11.82,4.41,22.04,2.61,0
MTR-101134,24.759415,46.578922,0.126,0,0,5.24,0.86,0,0,13.36,3.63,24.45,6.18,0
MTR-101135,24.607633,46.64626,0.511,0,0,8.32,0.89,0,0,12.85,4.08,21.71,3.56,0
MTR-101136,24.801402,46.664359,0.613,0,0,5.55,0.91,0,0,13.04,3.91,23.07,3.12,0
MTR-101137,24.712387,46.642563,0.269,0,0,1.79,2.17,0,0,12.06,3.95,26.29,2.15,0
MTR-101138,24.708747,46.580556,0.201,0,0,11.95,0.75,0,0,12.29,4.01,21.51,2.84,0
MTR-101139,24.736702,46.655037,0.221,0,0,6.84,2.1,0,0,12.62,4.2,22.39,3.34,0
MTR-101140,24.79477,46.738095,0.108,1,0,11.84,1.26,0,0,12.83,4.56,26.99,3.13,0
MTR-101141,24.675552,46.568052,0.638,0,0,0.66,2.18,1,0,25.27,17.21,81.04,1.89,0
MTR-101142,24.758104,46.570345,0.265,0,0,10.73,1.38,0,0,11.96,4.18,21.34,4.05,0
MTR-101143,24.730033,46.638993,0.24,0,0,11.33,1.87,0,0,11.74,3.96,21.22,1.55,0
MTR-101144,24.655357,46.785731,0.338,0,0,8.61,3.35,1,0,25.82,12.17,61.45,3.83,0
MTR-101145,24.808257,46.717443,0.267,0,0,4.29,0.61,0,0,11.19,3.88,22.61,4.48,0
MTR-101146,24.787957,46.719967,0.316,0,0,2.67,1.74,0,0,11.6,4.07,19.59,1.26,0
MTR-101147,24.753213,46.64078,0.32,0,0,11.45,1.37,0,0,12.88,4.43,28.99,2.56,0
MTR-101148,24.801245,46.698715,0.465,0,0,9.29,0.54,0,0,13.02,4.11,24.31,1.79,0
MTR-101149,24.805424,46.552833,0.388,0,0,10.46,1.67,0,0,11.58,3.92,19.77,1.0,0
MTR-101150,24.765691,46.709324,0.426,0,0,4.8,3.37,1,0,20.89,10.48,55.92,1.38,0
MTR-101151,24.797853,46.778622,0.171,0,0,3.21,1.04,0,0,13.0,4.47,22.98,1.0,0
MTR-101152,24.762968,46.703443,0.178,1,1,6.41,2.57,0,0,11.62,4.47,24.14,1.42,0
MTR-101153,24.758635,46.768725,0.305,0,0,11.64,1.77,0,0,12.91,4.3,22.11,2.2,0
MTR-101154,24.743253,46.731293,0.316,0,1,2.6,1.77,0,0,11.31,4.49,21.87,1.97,0
MTR-101155,24.776779,46.58044,0.355,0,0,10.12,0.86,0,0,12.63,4.17,24.85,1.9,0
MTR-101156,24.628251,46.775913,0.188,1,1,1.34,1.28,0,0,13.36,4.54,25.18,3.28,0
MTR-101157,24.808818,46.566911,0.295,0,0,4.63,0.68,0,0,12.45,4.02,22.44,1.0,0
MTR-101158,24.806561,46.683792,0.38,0,0,4.06,1.0,0,0,12.33,4.69,27.78,3.51,0
MTR-101159,24.595912,46.585834,0.531,0,1,8.85,0.56,0,0,13.38,4.6,29.66,6.97,0
MTR-101160,24.795054,46.553227,0.13,0,1,2.67,1.22,0,0,12.58,4.02,22.6,1.96,0
MTR-101161,24.620817,46.655809,0.715,0,0,6.88,3.32,1,0,23.76,13.88,66.62,2.8,0
MTR-101162,24.67238,46.62406,0.437,0,0,5.48,0.82,0,0,12.73,4.65,22.54,4.58,0
MTR-101163,24.774477,46.6718,0.027,0,1,5.8,1.47,0,0,11.95,4.4,21.98,2.24,0
MTR-101164,24.62879,46.6946,0.699,0,0,11.87,1.07,0,0,13.83,4.64,24.23,2.55,0
MTR-101165,24.793092,46.561235,0.124,0,0,0.81,0.58,0,0,12.2,3.79,18.68,4.16,0
MTR-101166,24.796634,46.581051,0.12,0,1,2.6,2.67,0,0,13.2,4.45,23.01,1.08,0
MTR-101167,24.715467,46.689961,0.149,0,0,11.3,0.77,0,0,12.15,3.99,19.67,1.0,0
MTR-101168,24.590196,46.636092,0.346,0,0,9.1,2.13,1,0,23.92,15.7,80.32,4.89,0
MTR-101169,24.66036,46.732593,1.0,2,0,6.85,3.84,1,0,21.41,11.98,79.72,3.98,0
MTR-101170,24.742832,46.713373,0.049,0,0,4.41,1.6,0,0,11.83,3.98,19.87,2.97,0
MTR-101171,24.833897,46.761701,0.371,0,0,10.07,0.6,0,0,11.89,3.87,22.91,4.92,0
MTR-101172,24.746553,46.723423,0.438,0,0,9.73,3.34,1,0,20.69,8.73,42.15,4.24,0
MTR-101173,24.653551,46.657783,0.129,1,0,8.27,0.34,0,1,12.99,7.91,37.93,0.69,6
MTR-101174,24.747101,46.718542,0.335,0,0,7.94,2.8,1,0,23.02,10.05,54.2,4.23,0
MTR-101175,24.723596,46.619145,0.358,0,0,4.21,1.12,0,0,13.26,3.97,23.82,4.53,0
MTR-101176,24.783561,46.626878,0.112,0,0,6.75,1.54,0,0,13.51,4.03,26.05,5.44,0
MTR-101177,24.615345,46.747546,0.201,0,0,7.98,1.31,0,0,12.22,4.87,22.49,3.37,0
MTR-101178,24.778857,46.661905,0.55,0,0,5.87,1.65,0,0,11.88,3.9,24.91,2.56,0
MTR-101179,24.723917,46.749895,0.074,1,1,3.13,1.69,0,0,13.87,3.48,22.2,5.37,0
MTR-101180,24.829348,46.755906,0.228,0,0,2.69,0.51,0,0,13.31,4.67,27.32,1.8,0
MTR-101181,24.674068,46.764691,0.551,0,0,4.73,2.6,1,0,22.11,12.49,61.96,2.74,0
MTR-101182,24.746755,46.779459,0.148,0,0,8.02,2.19,0,0,12.45,4.39,24.57,3.82,0
MTR-101183,24.821607,46.658046,0.593,1,0,10.52,2.87,1,0,20.06,11.48,64.9,1.85,0
MTR-101184,24.614227,46.630017,0.286,1,0,0.6,2.5,0,0,12.66,4.85,25.11,2.46,0
MTR-101185,24.822907,46.69585,0.244,0,0,7.99,0.8,0,0,11.44,4.55,25.77,1.0,0
MTR-101186,24.760571,46.643093,0.563,0,0,4.06,1.74,0,0,12.82,4.13,27.3,4.32,0
MTR-101187,24.605559,46.700569,0.742,1,0,2.68,0.46,0,0,11.77,4.01,21.86,3.46,0
MTR-101188,24.663841,46.726696,0.518,0,0,6.25,0.84,0,0,12.12,3.86,23.88,3.18,0
MTR-101189,24.765643,46.722401,0.673,0,0,5.22,1.99,0,0,12.61,4.07,21.47,3.68,0
MTR-101190,24.605438,46.643938,0.337,0,0,2.64,0.55,0,1,13.48,6.89,31.54,1.37,6
MTR-101191,24.734143,46.592015,0.099,0,0,1.55,0.5,0,0,11.76,4.27,19.8,2.63,0
MTR-101192,24.675071,46.657932,0.436,0,0,9.98,1.79,0,0,12.65,4.46,22.82,3.28,0
MTR-101193,24.743829,46.585949,0.045,0,0,3.28,2.23,0,0,12.65,4.48,22.03,3.65,0
MTR-101194,24.600036,46.772824,0.097,0,0,7.84,2.31,0,0,10.9,3.83,23.95,3.58,0
MTR-101195,24.806484,46.636769,0.204,0,1,0.52,0.64,0,0,11.84,4.81,24.83,2.03,0
MTR-101196,24.831972,46.588915,0.271,0,0,2.58,2.07,0,0,12.46,4.38,27.34,3.31,0
MTR-101197,24.830819,46.556662,0.506,1,0,2.0,1.49,0,0,12.7,3.86,21.26,4.63,0
MTR-101198,24.776013,46.711756,0.151,0,1,9.74,1.4,0,0,12.32,3.91,23.73,4.12,0
MTR-101199,24.621122,46.709526,0.402,0,1,1.96,2.15,0,0,12.33,3.78,22.28,3.72,0
