event_id,timestamp,equipment,event_type,reading_value
1,2025-03-01 00:02:00,Pump-10,INFO,51.16
2,2025-03-01 00:07:00,Pump-07,INFO,57.5
3,2025-03-01 00:14:00,Sensor-04,INFO,46.74
4,2025-03-01 00:22:00,Sensor-07,WARN,33.44
5,2025-03-01 00:30:00,Valve-04,INFO,55.96
6,2025-03-01 00:35:00,Sensor-10,INFO,60.72
7,2025-03-01 00:43:00,Pump-08,INFO,33.0
8,2025-03-01 00:49:00,Pump-04,INFO,49.63
9,2025-03-01 00:56:00,Valve-05,WARN,40.68
10,2025-03-01 01:04:00,Pump-05,WARN,61.27
11,2025-03-01 01:10:00,Pump-04,INFO,61.82
12,2025-03-01 01:18:00,Valve-02,INFO,41.9
13,2025-03-01 01:25:00,Pump-06,WARN,36.84
14,2025-03-01 01:32:00,Pump-08,WARN,52.45
15,2025-03-01 01:38:00,Pump-06,INFO,38.91
16,2025-03-01 01:47:00,Pump-05,INFO,58.58
17,2025-03-01 01:54:00,Pump-09,INFO,48.69
18,2025-03-01 01:59:00,Sensor-08,INFO,66.06
19,2025-03-01 02:07:00,Sensor-04,INFO,66.5
20,2025-03-01 02:15:00,Pump-10,INFO,65.52
21,2025-03-01 02:21:00,Valve-01,WARN,54.03
22,2025-03-01 02:29:00,Sensor-03,INFO,40.54
23,2025-03-01 02:34:00,Sensor-06,INFO,35.17
24,2025-03-01 02:43:00,Pump-05,INFO,55.95
25,2025-03-01 02:48:00,Valve-01,INFO,56.69
26,2025-03-01 02:56:00,Sensor-07,INFO,52.62
27,2025-03-01 03:03:00,Sensor-02,INFO,36.71
28,2025-03-01 03:09:00,Sensor-06,INFO,42.02
29,2025-03-01 03:18:00,Sensor-08,INFO,50.83
30,2025-03-01 03:24:00,Valve-01,INFO,43.87
31,2025-03-01 03:30:00,Sensor-01,INFO,42.24
32,2025-03-01 03:37:00,Pump-09,WARN,40.33
33,2025-03-01 03:46:00,Sensor-04,INFO,48.65
34,2025-03-01 03:53:00,Sensor-08,INFO,47.93
35,2025-03-01 03:58:00,Pump-07,WARN,41.73
36,2025-03-01 04:07:00,Sensor-08,INFO,50.1
37,2025-03-01 04:12:00,Sensor-05,INFO,52.49
38,2025-03-01 04:20:00,Pump-03,INFO,53.53
39,2025-03-01 04:26:00,Sensor-02,INFO,40.43
40,2025-03-01 04:35:00,Pump-06,WARN,46.93
41,2025-03-01 04:42:00,Sensor-05,INFO,50.16
42,2025-03-01 04:49:00,Valve-05,INFO,51.25
43,2025-03-01 04:56:00,Valve-04,INFO,36.65
44,2025-03-01 05:01:00,Sensor-09,ALARM,46.59
45,2025-03-01 05:08:00,Pump-06,INFO,55.93
46,2025-03-01 05:15:00,Sensor-01,INFO,44.06
47,2025-03-01 05:22:00,Sensor-07,INFO,53.56
48,2025-03-01 05:31:00,Pump-08,INFO,50.15
49,2025-03-01 05:37:00,Valve-05,WARN,45.4
50,2025-03-01 05:44:00,Sensor-06,INFO,62.62
51,2025-03-01 05:52:00,Pump-08,INFO,46.97
52,2025-03-01 05:58:00,Pump-01,INFO,47.9
53,2025-03-01 06:04:00,Pump-02,INFO,45.15
54,2025-03-01 06:12:00,Sensor-09,INFO,64.8
55,2025-03-01 06:18:00,Sensor-02,INFO,63.91
56,2025-03-01 06:25:00,Pump-05,INFO,61.47
57,2025-03-01 06:32:00,Valve-02,WARN,58.69
58,2025-03-01 06:41:00,Pump-05,INFO,41.16
59,2025-03-01 06:46:00,Pump-02,WARN,45.5
60,2025-03-01 06:55:00,Valve-04,INFO,42.29
61,2025-03-01 07:02:00,Valve-02,INFO,60.3
62,2025-03-01 07:08:00,Pump-02,WARN,73.36
63,2025-03-01 07:15:00,Sensor-02,INFO,56.79
64,2025-03-01 07:22:00,Pump-04,INFO,66.76
65,2025-03-01 07:30:00,Valve-03,INFO,54.57
66,2025-03-01 07:37:00,Pump-06,INFO,53.17
67,2025-03-01 07:42:00,Pump-03,WARN,44.2
68,2025-03-01 07:51:00,Pump-04,INFO,56.13
69,2025-03-01 07:56:00,Pump-08,WARN,59.13
70,2025-03-01 08:04:00,Pump-02,WARN,60.54
71,2025-03-01 08:12:00,Pump-09,INFO,51.03
72,2025-03-01 08:17:00,Pump-10,WARN,51.98
73,2025-03-01 08:24:00,Sensor-07,INFO,49.39
74,2025-03-01 08:33:00,Valve-03,WARN,44.35
75,2025-03-01 08:39:00,Sensor-10,INFO,58.81
76,2025-03-01 08:45:00,Sensor-02,INFO,31.05
77,2025-03-01 08:54:00,Pump-04,INFO,33.28
78,2025-03-01 09:01:00,Sensor-08,INFO,44.53
79,2025-03-01 09:06:00,Pump-10,INFO,37.26
80,2025-03-01 09:13:00,Sensor-10,INFO,60.86
81,2025-03-01 09:20:00,Valve-02,ALARM,45.57
82,2025-03-01 09:29:00,Sensor-02,INFO,58.77
83,2025-03-01 09:36:00,Pump-01,INFO,63.05
84,2025-03-01 09:43:00,Pump-03,INFO,50.61
85,2025-03-01 09:49:00,Pump-06,WARN,53.27
86,2025-03-01 09:56:00,Pump-05,WARN,62.27
87,2025-03-01 10:04:00,Valve-02,INFO,59.99
88,2025-03-01 10:09:00,Valve-01,INFO,29.29
89,2025-03-01 10:18:00,Sensor-06,WARN,45.88
90,2025-03-01 10:25:00,Pump-09,ALARM,55.13
91,2025-03-01 10:31:00,Valve-05,INFO,52.16
92,2025-03-01 10:39:00,Valve-04,INFO,40.07
93,2025-03-01 10:44:00,Sensor-04,INFO,32.92
94,2025-03-01 10:52:00,Valve-03,INFO,56.11
95,2025-03-01 11:00:00,Sensor-06,INFO,41.57
96,2025-03-01 11:06:00,Pump-07,INFO,48.66
97,2025-03-01 11:12:00,Valve-01,INFO,51.45
98,2025-03-01 11:19:00,Pump-02,INFO,48.37
99,2025-03-01 11:28:00,Sensor-08,INFO,40.68
100,2025-03-01 11:35:00,Pump-01,INFO,49.17
101,2025-03-01 11:41:00,Pump-07,INFO,44.56
102,2025-03-01 11:47:00,Pump-02,INFO,66.56
103,2025-03-01 11:56:00,Sensor-08,INFO,52.13
104,2025-03-01 12:01:00,Sensor-04,INFO,75.66
105,2025-03-01 12:10:00,Valve-04,INFO,36.82
106,2025-03-01 12:17:00,Valve-01,INFO,46.99
107,2025-03-01 12:22:00,Pump-05,INFO,46.96
108,2025-03-01 12:31:00,Valve-01,INFO,42.23
109,2025-03-01 12:38:00,Valve-04,INFO,46.49
110,2025-03-01 12:45:00,Pump-09,INFO,45.2
111,2025-03-01 12:52:00,Pump-01,INFO,40.21
112,2025-03-01 12:59:00,Pump-06,INFO,67.95
113,2025-03-01 13:06:00,Pump-07,INFO,49.17
114,2025-03-01 13:13:00,Valve-03,INFO,59.27
115,2025-03-01 13:20:00,Pump-10,INFO,59.9
116,2025-03-01 13:26:00,Sensor-10,WARN,64.28
117,2025-03-01 13:34:00,Sensor-05,INFO,40.18
118,2025-03-01 13:41:00,Pump-09,INFO,62.66
119,2025-03-01 13:47:00,Sensor-02,INFO,49.26
120,2025-03-01 13:54:00,Pump-04,INFO,70.36
121,2025-03-01 14:00:00,Valve-04,ALARM,55.25
122,2025-03-01 14:07:00,Pump-06,INFO,38.47
123,2025-03-01 14:14:00,Sensor-08,WARN,62.58
124,2025-03-01 14:21:00,Pump-01,INFO,61.59
125,2025-03-01 14:29:00,Valve-01,INFO,37.08
126,2025-03-01 14:35:00,Valve-01,ALARM,57.45
127,2025-03-01 14:44:00,Sensor-02,INFO,66.04
128,2025-03-01 14:50:00,Sensor-10,INFO,54.79
129,2025-03-01 14:58:00,Pump-07,INFO,40.26
130,2025-03-01 15:03:00,Pump-09,INFO,60.1
131,2025-03-01 15:10:00,Sensor-01,INFO,56.65
132,2025-03-01 15:19:00,Sensor-06,INFO,47.69
133,2025-03-01 15:24:00,Pump-09,WARN,45.4
134,2025-03-01 15:31:00,Pump-05,INFO,56.61
135,2025-03-01 15:38:00,Pump-06,INFO,40.89
136,2025-03-01 15:45:00,Pump-08,WARN,52.02
137,2025-03-01 15:54:00,Pump-09,INFO,61.99
138,2025-03-01 15:59:00,Valve-03,WARN,65.2
139,2025-03-01 16:07:00,Pump-03,INFO,44.75
140,2025-03-01 16:15:00,Sensor-03,INFO,34.13
141,2025-03-01 16:22:00,Pump-05,WARN,42.93
142,2025-03-01 16:28:00,Sensor-07,INFO,58.16
143,2025-03-01 16:34:00,Sensor-09,INFO,42.59
144,2025-03-01 16:43:00,Sensor-05,INFO,60.83
145,2025-03-01 16:49:00,Pump-01,INFO,42.57
146,2025-03-01 16:56:00,Valve-03,WARN,44.43
147,2025-03-01 17:03:00,Sensor-05,INFO,48.27
148,2025-03-01 17:11:00,Sensor-09,INFO,59.45
149,2025-03-01 17:17:00,Sensor-03,WARN,34.16
150,2025-03-01 17:24:00,Pump-10,WARN,52.8
151,2025-03-01 17:31:00,Sensor-09,WARN,52.62
152,2025-03-01 17:39:00,Sensor-05,INFO,40.09
153,2025-03-01 17:45:00,Sensor-03,INFO,53.56
154,2025-03-01 17:53:00,Pump-04,INFO,48.2
155,2025-03-01 18:00:00,Pump-01,INFO,38.69
156,2025-03-01 18:06:00,Pump-07,WARN,49.26
157,2025-03-01 18:12:00,Valve-05,INFO,39.58
158,2025-03-01 18:21:00,Valve-04,INFO,43.6
159,2025-03-01 18:27:00,Pump-03,INFO,58.8
160,2025-03-01 18:35:00,Sensor-05,INFO,46.88
161,2025-03-01 18:41:00,Sensor-04,INFO,58.59
162,2025-03-01 18:48:00,Pump-08,INFO,48.43
163,2025-03-01 18:54:00,Sensor-04,INFO,40.37
164,2025-03-01 19:03:00,Sensor-08,INFO,54.8
165,2025-03-01 19:10:00,Sensor-03,WARN,55.6
166,2025-03-01 19:17:00,Sensor-10,INFO,37.7
167,2025-03-01 19:24:00,Valve-04,INFO,61.36
168,2025-03-01 19:30:00,Pump-06,INFO,65.21
169,2025-03-01 19:38:00,Sensor-04,WARN,56.27
170,2025-03-01 19:43:00,Valve-02,INFO,50.77
171,2025-03-01 19:52:00,Valve-05,INFO,70.12
172,2025-03-01 19:58:00,Sensor-09,WARN,55.39
173,2025-03-01 20:05:00,Sensor-09,INFO,51.97
174,2025-03-01 20:12:00,Sensor-07,WARN,67.0
175,2025-03-01 20:19:00,Pump-04,INFO,66.03
176,2025-03-01 20:26:00,Sensor-04,INFO,35.61
177,2025-03-01 20:34:00,Sensor-10,INFO,44.96
178,2025-03-01 20:41:00,Pump-05,INFO,55.86
179,2025-03-01 20:47:00,Pump-04,INFO,62.27
180,2025-03-01 20:54:00,Pump-09,INFO,38.34
181,2025-03-01 21:02:00,Sensor-08,INFO,59.08
182,2025-03-01 21:08:00,Sensor-04,WARN,45.95
183,2025-03-01 21:15:00,Pump-06,INFO,57.17
184,2025-03-01 21:21:00,Pump-08,INFO,44.33
185,2025-03-01 21:28:00,Sensor-06,INFO,26.67
186,2025-03-01 21:35:00,Pump-02,INFO,32.29
187,2025-03-01 21:42:00,Pump-08,INFO,38.74
188,2025-03-01 21:50:00,Valve-01,WARN,44.08
189,2025-03-01 21:57:00,Pump-02,WARN,49.93
190,2025-03-01 22:04:00,Valve-04,WARN,44.82
191,2025-03-01 22:11:00,Sensor-02,INFO,49.53
192,2025-03-01 22:17:00,Pump-05,INFO,45.04
193,2025-03-01 22:26:00,Pump-05,INFO,49.95
194,2025-03-01 22:32:00,Pump-01,INFO,59.31
195,2025-03-01 22:39:00,Pump-06,INFO,49.85
196,2025-03-01 22:47:00,Pump-07,INFO,55.41
197,2025-03-01 22:54:00,Sensor-10,WARN,57.14
198,2025-03-01 23:01:00,Valve-04,INFO,48.42
199,2025-03-01 23:06:00,Valve-04,INFO,32.09
200,2025-03-01 23:14:00,Sensor-01,INFO,52.53
201,2025-03-01 23:20:00,Pump-09,INFO,43.26
202,2025-03-01 23:27:00,Sensor-03,INFO,58.62
203,2025-03-01 23:36:00,Sensor-09,INFO,63.66
204,2025-03-01 23:43:00,Pump-09,INFO,47.42
205,2025-03-01 23:48:00,Pump-04,INFO,51.64
206,2025-03-01 23:57:00,Pump-07,INFO,56.68
207,2025-03-02 00:04:00,Pump-05,INFO,41.87
208,2025-03-02 00:11:00,Sensor-02,WARN,50.09
209,2025-03-02 00:16:00,Pump-10,INFO,34.52
210,2025-03-02 00:23:00,Sensor-09,INFO,60.44
211,2025-03-02 00:31:00,Pump-02,INFO,66.86
212,2025-03-02 00:39:00,Pump-03,ALARM,51.0
213,2025-03-02 00:44:00,Sensor-06,ALARM,42.48
214,2025-03-02 00:53:00,Pump-07,INFO,52.62
215,2025-03-02 00:59:00,Pump-05,WARN,37.25
216,2025-03-02 01:06:00,Pump-10,INFO,45.64
217,2025-03-02 01:13:00,Pump-04,WARN,45.82
218,2025-03-02 01:20:00,Pump-02,INFO,44.78
219,2025-03-02 01:27:00,Sensor-02,INFO,52.19
220,2025-03-02 01:35:00,Sensor-04,INFO,54.34
221,2025-03-02 01:41:00,Sensor-07,INFO,50.14
222,2025-03-02 01:47:00,Pump-09,WARN,59.01
223,2025-03-02 01:56:00,Sensor-10,WARN,53.9
224,2025-03-02 02:03:00,Sensor-06,INFO,45.06
225,2025-03-02 02:09:00,Sensor-04,INFO,48.92
226,2025-03-02 02:16:00,Pump-03,INFO,49.19
227,2025-03-02 02:24:00,Pump-07,INFO,46.17
228,2025-03-02 02:29:00,Valve-02,WARN,55.1
229,2025-03-02 02:38:00,Sensor-08,INFO,28.69
230,2025-03-02 02:44:00,Valve-02,INFO,50.32
231,2025-03-02 02:51:00,Sensor-04,INFO,53.09
232,2025-03-02 02:57:00,Pump-07,INFO,55.99
233,2025-03-02 03:04:00,Pump-08,INFO,61.08
234,2025-03-02 03:11:00,Pump-03,INFO,48.59
235,2025-03-02 03:19:00,Pump-05,WARN,58.32
236,2025-03-02 03:25:00,Valve-03,INFO,56.11
237,2025-03-02 03:32:00,Sensor-09,INFO,52.64
238,2025-03-02 03:40:00,Sensor-08,INFO,36.09
239,2025-03-02 03:48:00,Pump-01,INFO,60.9
240,2025-03-02 03:53:00,Sensor-03,INFO,50.96
241,2025-03-02 04:00:00,Sensor-07,INFO,47.48
242,2025-03-02 04:08:00,Valve-05,INFO,38.43
243,2025-03-02 04:15:00,Valve-03,INFO,25.56
244,2025-03-02 04:21:00,Pump-08,WARN,69.02
245,2025-03-02 04:29:00,Pump-05,INFO,53.07
246,2025-03-02 04:35:00,Pump-07,WARN,38.93
247,2025-03-02 04:43:00,Valve-05,INFO,37.39
248,2025-03-02 04:51:00,Pump-07,WARN,47.21
249,2025-03-02 04:57:00,Pump-03,INFO,58.08
250,2025-03-02 05:05:00,Sensor-02,WARN,56.31
251,2025-03-02 05:11:00,Sensor-07,INFO,56.82
252,2025-03-02 05:18:00,Sensor-06,INFO,41.13
253,2025-03-02 05:25:00,Pump-09,INFO,48.21
254,2025-03-02 05:33:00,Pump-01,INFO,51.27
255,2025-03-02 05:40:00,Valve-05,WARN,49.43
256,2025-03-02 05:45:00,Sensor-06,INFO,55.46
257,2025-03-02 05:53:00,Pump-03,ALARM,65.74
258,2025-03-02 05:59:00,Pump-06,INFO,52.1
259,2025-03-02 06:08:00,Pump-05,WARN,44.15
260,2025-03-02 06:13:00,Pump-04,INFO,35.47
261,2025-03-02 06:20:00,Sensor-09,INFO,51.76
262,2025-03-02 06:28:00,Sensor-10,INFO,43.4
263,2025-03-02 06:35:00,Valve-01,INFO,54.29
264,2025-03-02 06:43:00,Valve-01,ALARM,53.65
265,2025-03-02 06:48:00,Valve-04,INFO,65.64
266,2025-03-02 06:57:00,Sensor-10,WARN,52.14
267,2025-03-02 07:03:00,Sensor-02,INFO,54.56
268,2025-03-02 07:11:00,Sensor-10,ALARM,43.45
269,2025-03-02 07:17:00,Sensor-05,WARN,35.68
270,2025-03-02 07:25:00,Sensor-05,INFO,60.74
271,2025-03-02 07:31:00,Pump-09,WARN,62.07
272,2025-03-02 07:38:00,Pump-01,INFO,46.69
273,2025-03-02 07:46:00,Valve-04,WARN,30.66
274,2025-03-02 07:53:00,Pump-05,INFO,63.61
275,2025-03-02 07:59:00,Sensor-09,WARN,61.88
276,2025-03-02 08:07:00,Sensor-06,INFO,48.83
277,2025-03-02 08:12:00,Pump-08,INFO,60.69
278,2025-03-02 08:19:00,Pump-05,INFO,49.59
279,2025-03-02 08:26:00,Pump-02,INFO,52.17
280,2025-03-02 08:35:00,Pump-02,WARN,33.74
281,2025-03-02 08:41:00,Sensor-09,INFO,62.22
282,2025-03-02 08:49:00,Valve-03,WARN,32.47
283,2025-03-02 08:54:00,Sensor-04,INFO,67.21
284,2025-03-02 09:03:00,Sensor-03,INFO,68.23
285,2025-03-02 09:09:00,Valve-05,INFO,24.45
286,2025-03-02 09:15:00,Valve-04,INFO,65.57
287,2025-03-02 09:24:00,Pump-01,INFO,47.61
288,2025-03-02 09:30:00,Sensor-05,WARN,54.22
289,2025-03-02 09:37:00,Valve-01,INFO,35.89
290,2025-03-02 09:45:00,Sensor-04,INFO,46.77
291,2025-03-02 09:52:00,Pump-08,INFO,38.19
292,2025-03-02 09:58:00,Pump-01,INFO,42.11
293,2025-03-02 10:05:00,Valve-01,WARN,62.22
294,2025-03-02 10:11:00,Sensor-06,INFO,59.99
295,2025-03-02 10:19:00,Pump-10,WARN,58.2
296,2025-03-02 10:27:00,Pump-06,INFO,44.61
297,2025-03-02 10:32:00,Valve-03,INFO,43.1
298,2025-03-02 10:41:00,Pump-01,WARN,33.51
299,2025-03-02 10:46:00,Pump-09,INFO,56.78
300,2025-03-02 10:55:00,Sensor-03,INFO,69.37
301,2025-03-02 11:00:00,Sensor-05,INFO,64.56
302,2025-03-02 11:07:00,Sensor-08,INFO,50.31
303,2025-03-02 11:16:00,Valve-01,INFO,54.93
304,2025-03-02 11:22:00,Sensor-10,INFO,52.47
305,2025-03-02 11:28:00,Sensor-01,INFO,59.09
306,2025-03-02 11:37:00,Pump-03,INFO,67.42
307,2025-03-02 11:42:00,Pump-10,WARN,44.3
308,2025-03-02 11:49:00,Pump-02,WARN,44.68
309,2025-03-02 11:56:00,Pump-08,INFO,47.13
310,2025-03-02 12:05:00,Sensor-10,WARN,49.67
311,2025-03-02 12:11:00,Sensor-03,INFO,57.28
312,2025-03-02 12:17:00,Pump-03,WARN,49.33
313,2025-03-02 12:25:00,Pump-06,INFO,41.47
314,2025-03-02 12:31:00,Valve-03,WARN,41.6
315,2025-03-02 12:40:00,Sensor-04,INFO,38.25
316,2025-03-02 12:45:00,Valve-04,INFO,48.93
317,2025-03-02 12:52:00,Sensor-07,INFO,60.34
318,2025-03-02 12:59:00,Valve-03,INFO,54.2
319,2025-03-02 13:06:00,Valve-05,INFO,55.63
320,2025-03-02 13:15:00,Sensor-07,INFO,39.16
321,2025-03-02 13:20:00,Sensor-04,ALARM,38.27
322,2025-03-02 13:29:00,Sensor-03,WARN,51.78
323,2025-03-02 13:34:00,Valve-02,WARN,62.46
324,2025-03-02 13:43:00,Pump-08,WARN,58.45
325,2025-03-02 13:48:00,Valve-04,INFO,43.26
326,2025-03-02 13:55:00,Sensor-08,INFO,72.91
327,2025-03-02 14:02:00,Sensor-10,WARN,29.7
328,2025-03-02 14:11:00,Pump-01,INFO,50.29
329,2025-03-02 14:17:00,Pump-01,ALARM,51.03
330,2025-03-02 14:25:00,Pump-01,INFO,47.91
331,2025-03-02 14:30:00,Sensor-02,INFO,55.26
332,2025-03-02 14:38:00,Sensor-06,INFO,47.98
333,2025-03-02 14:46:00,Sensor-03,INFO,35.05
334,2025-03-02 14:53:00,Sensor-05,INFO,49.11
335,2025-03-02 14:58:00,Sensor-10,INFO,51.65
336,2025-03-02 15:05:00,Valve-05,INFO,59.12
337,2025-03-02 15:14:00,Sensor-04,INFO,64.18
338,2025-03-02 15:19:00,Sensor-09,INFO,41.45
339,2025-03-02 15:27:00,Pump-09,INFO,66.72
340,2025-03-02 15:33:00,Sensor-10,INFO,45.72
341,2025-03-02 15:41:00,Pump-02,INFO,44.89
342,2025-03-02 15:48:00,Pump-08,INFO,45.89
343,2025-03-02 15:54:00,Pump-08,INFO,30.49
344,2025-03-02 16:03:00,Valve-05,INFO,45.77
345,2025-03-02 16:09:00,Valve-01,INFO,63.11
346,2025-03-02 16:15:00,Valve-05,INFO,54.77
347,2025-03-02 16:23:00,Sensor-04,INFO,52.28
348,2025-03-02 16:31:00,Valve-01,INFO,53.51
349,2025-03-02 16:38:00,Pump-01,INFO,62.61
350,2025-03-02 16:45:00,Sensor-02,INFO,41.22
351,2025-03-02 16:51:00,Valve-01,INFO,59.04
352,2025-03-02 16:58:00,Valve-04,INFO,50.67
353,2025-03-02 17:05:00,Valve-02,ALARM,42.16
354,2025-03-02 17:13:00,Valve-02,INFO,54.64
355,2025-03-02 17:18:00,Pump-04,WARN,50.84
356,2025-03-02 17:26:00,Valve-05,WARN,41.93
357,2025-03-02 17:32:00,Pump-09,INFO,39.3
358,2025-03-02 17:40:00,Sensor-10,INFO,45.65
359,2025-03-02 17:46:00,Valve-05,INFO,44.89
360,2025-03-02 17:54:00,Pump-02,INFO,62.21
361,2025-03-02 18:00:00,Sensor-01,INFO,47.86
362,2025-03-02 18:07:00,Sensor-08,INFO,46.27
363,2025-03-02 18:16:00,Pump-01,WARN,61.29
364,2025-03-02 18:23:00,Sensor-01,INFO,63.5
365,2025-03-02 18:29:00,Valve-05,WARN,41.69
366,2025-03-02 18:35:00,Sensor-06,WARN,37.56
367,2025-03-02 18:44:00,Valve-04,INFO,55.15
368,2025-03-02 18:49:00,Sensor-06,INFO,47.93
369,2025-03-02 18:56:00,Sensor-09,WARN,44.55
370,2025-03-02 19:05:00,Sensor-10,INFO,60.38
371,2025-03-02 19:12:00,Pump-03,INFO,47.39
372,2025-03-02 19:18:00,Pump-06,INFO,69.18
373,2025-03-02 19:25:00,Valve-01,INFO,50.48
374,2025-03-02 19:31:00,Pump-07,WARN,51.64
375,2025-03-02 19:40:00,Sensor-07,INFO,72.4
376,2025-03-02 19:45:00,Sensor-10,INFO,53.1
377,2025-03-02 19:52:00,Valve-04,INFO,42.94
378,2025-03-02 19:59:00,Pump-10,INFO,39.8
379,2025-03-02 20:07:00,Pump-04,WARN,45.38
380,2025-03-02 20:15:00,Pump-01,INFO,52.36
381,2025-03-02 20:20:00,Pump-04,INFO,59.11
382,2025-03-02 20:29:00,Sensor-07,INFO,34.96
383,2025-03-02 20:34:00,Valve-05,INFO,50.03
384,2025-03-02 20:42:00,Pump-06,WARN,62.79
385,2025-03-02 20:50:00,Sensor-04,INFO,52.62
386,2025-03-02 20:55:00,Sensor-03,INFO,63.56
387,2025-03-02 21:02:00,Sensor-09,INFO,34.92
388,2025-03-02 21:11:00,Sensor-10,INFO,47.73
389,2025-03-02 21:16:00,Pump-10,INFO,51.2
390,2025-03-02 21:25:00,Pump-04,INFO,55.53
391,2025-03-02 21:32:00,Sensor-01,WARN,41.49
392,2025-03-02 21:38:00,Sensor-04,INFO,54.16
393,2025-03-02 21:46:00,Valve-01,INFO,54.94
394,2025-03-02 21:53:00,Pump-10,WARN,49.26
395,2025-03-02 22:00:00,Sensor-01,INFO,54.7
396,2025-03-02 22:05:00,Valve-05,ALARM,53.16
397,2025-03-02 22:14:00,Sensor-02,WARN,43.42
398,2025-03-02 22:20:00,Pump-02,INFO,48.42
399,2025-03-02 22:28:00,Valve-04,INFO,37.51
400,2025-03-02 22:33:00,Pump-08,INFO,35.04
401,2025-03-02 22:41:00,Sensor-07,INFO,52.54
402,2025-03-02 22:49:00,Sensor-07,INFO,31.06
403,2025-03-02 22:54:00,Valve-05,INFO,47.58
404,2025-03-02 23:03:00,Pump-01,ALARM,54.13
405,2025-03-02 23:10:00,Sensor-09,INFO,50.16
406,2025-03-02 23:16:00,Pump-06,INFO,71.85
407,2025-03-02 23:24:00,Sensor-05,INFO,54.27
408,2025-03-02 23:31:00,Sensor-04,INFO,47.31
409,2025-03-02 23:37:00,Valve-01,INFO,56.08
410,2025-03-02 23:43:00,Pump-06,INFO,36.88
411,2025-03-02 23:52:00,Sensor-04,WARN,60.0
412,2025-03-02 23:59:00,Pump-04,INFO,44.95
413,2025-03-03 00:06:00,Pump-10,INFO,61.07
414,2025-03-03 00:12:00,Sensor-09,INFO,54.0
415,2025-03-03 00:20:00,Valve-01,WARN,56.26
416,2025-03-03 00:25:00,Sensor-08,INFO,44.46
417,2025-03-03 00:33:00,Sensor-08,INFO,38.55
418,2025-03-03 00:41:00,Sensor-07,INFO,38.38
419,2025-03-03 00:47:00,Pump-08,WARN,32.84
420,2025-03-03 00:54:00,Pump-09,INFO,46.17
421,2025-03-03 01:02:00,Pump-01,WARN,44.13
422,2025-03-03 01:07:00,Sensor-04,WARN,60.12
423,2025-03-03 01:16:00,Sensor-09,INFO,39.66
424,2025-03-03 01:22:00,Sensor-02,INFO,71.94
425,2025-03-03 01:30:00,Pump-09,WARN,39.98
426,2025-03-03 01:36:00,Sensor-02,WARN,40.93
427,2025-03-03 01:44:00,Valve-02,ALARM,35.2
428,2025-03-03 01:51:00,Valve-04,INFO,50.1
429,2025-03-03 01:58:00,Pump-09,INFO,46.78
430,2025-03-03 02:03:00,Pump-07,INFO,48.92
431,2025-03-03 02:10:00,Sensor-01,WARN,54.07
432,2025-03-03 02:17:00,Valve-04,INFO,59.83
433,2025-03-03 02:24:00,Pump-06,INFO,38.3
434,2025-03-03 02:33:00,Valve-05,INFO,50.2
435,2025-03-03 02:38:00,Sensor-10,INFO,58.55
436,2025-03-03 02:47:00,Valve-03,INFO,39.06
437,2025-03-03 02:53:00,Sensor-05,WARN,77.64
438,2025-03-03 03:00:00,Pump-05,WARN,73.41
439,2025-03-03 03:06:00,Valve-05,WARN,49.25
440,2025-03-03 03:13:00,Sensor-03,INFO,38.93
441,2025-03-03 03:22:00,Valve-03,INFO,40.22
442,2025-03-03 03:29:00,Valve-01,INFO,52.34
443,2025-03-03 03:35:00,Valve-01,INFO,56.4
444,2025-03-03 03:43:00,Valve-02,INFO,31.58
445,2025-03-03 03:48:00,Sensor-04,ALARM,40.54
446,2025-03-03 03:55:00,Valve-02,WARN,51.42
447,2025-03-03 04:04:00,Sensor-08,INFO,35.96
448,2025-03-03 04:10:00,Sensor-06,INFO,47.03
449,2025-03-03 04:17:00,Sensor-09,INFO,54.31
450,2025-03-03 04:24:00,Sensor-04,WARN,48.38
451,2025-03-03 04:30:00,Sensor-04,INFO,42.66
452,2025-03-03 04:37:00,Pump-01,INFO,50.87
453,2025-03-03 04:44:00,Valve-04,WARN,55.07
454,2025-03-03 04:52:00,Sensor-02,INFO,40.79
455,2025-03-03 04:58:00,Pump-02,INFO,53.44
456,2025-03-03 05:07:00,Pump-07,INFO,53.25
457,2025-03-03 05:14:00,Sensor-10,INFO,55.19
458,2025-03-03 05:20:00,Pump-06,INFO,52.63
459,2025-03-03 05:27:00,Sensor-06,INFO,51.3
460,2025-03-03 05:35:00,Sensor-05,INFO,48.44
461,2025-03-03 05:41:00,Sensor-05,INFO,47.01
462,2025-03-03 05:49:00,Sensor-08,INFO,57.23
463,2025-03-03 05:54:00,Pump-01,INFO,49.05
464,2025-03-03 06:03:00,Pump-06,INFO,55.35
465,2025-03-03 06:09:00,Valve-05,INFO,55.19
466,2025-03-03 06:16:00,Sensor-02,WARN,40.6
467,2025-03-03 06:23:00,Pump-04,INFO,46.81
468,2025-03-03 06:31:00,Sensor-07,INFO,49.47
469,2025-03-03 06:38:00,Pump-02,INFO,50.9
470,2025-03-03 06:44:00,Sensor-01,INFO,54.29
471,2025-03-03 06:51:00,Sensor-06,INFO,51.79
472,2025-03-03 06:57:00,Valve-03,INFO,50.42
473,2025-03-03 07:04:00,Valve-01,INFO,45.65
474,2025-03-03 07:13:00,Valve-01,ALARM,60.57
475,2025-03-03 07:18:00,Sensor-01,INFO,53.48
476,2025-03-03 07:25:00,Pump-10,INFO,48.88
477,2025-03-03 07:34:00,Pump-04,INFO,46.1
478,2025-03-03 07:39:00,Sensor-04,INFO,52.8
479,2025-03-03 07:48:00,Sensor-07,INFO,50.3
480,2025-03-03 07:54:00,Pump-07,INFO,34.76
481,2025-03-03 08:00:00,Sensor-03,INFO,40.09
482,2025-03-03 08:09:00,Valve-02,INFO,63.05
483,2025-03-03 08:16:00,Sensor-07,INFO,53.7
484,2025-03-03 08:23:00,Pump-10,WARN,43.6
485,2025-03-03 08:28:00,Valve-05,INFO,46.27
486,2025-03-03 08:37:00,Valve-02,INFO,41.38
487,2025-03-03 08:44:00,Pump-01,ALARM,44.75
488,2025-03-03 08:49:00,Pump-10,WARN,60.25
489,2025-03-03 08:58:00,Valve-01,INFO,48.19
490,2025-03-03 09:05:00,Sensor-05,INFO,58.33
491,2025-03-03 09:10:00,Sensor-07,INFO,66.28
492,2025-03-03 09:17:00,Sensor-04,ALARM,46.05
493,2025-03-03 09:25:00,Valve-05,INFO,37.05
494,2025-03-03 09:32:00,Sensor-10,INFO,54.33
495,2025-03-03 09:40:00,Pump-03,INFO,41.8
496,2025-03-03 09:46:00,Sensor-01,INFO,50.01
497,2025-03-03 09:54:00,Sensor-05,INFO,51.69
498,2025-03-03 10:01:00,Sensor-06,WARN,68.57
499,2025-03-03 10:07:00,Sensor-01,INFO,53.23
500,2025-03-03 10:13:00,Pump-10,INFO,45.43
501,2025-03-03 10:20:00,Valve-05,INFO,56.26
502,2025-03-03 10:28:00,Pump-08,WARN,58.15
503,2025-03-03 10:36:00,Pump-02,INFO,62.05
504,2025-03-03 10:41:00,Pump-04,INFO,40.77
505,2025-03-03 10:50:00,Valve-04,WARN,62.91
506,2025-03-03 10:55:00,Sensor-03,INFO,72.86
507,2025-03-03 11:03:00,Pump-03,WARN,62.69
508,2025-03-03 11:10:00,Pump-03,WARN,64.51
509,2025-03-03 11:17:00,Sensor-08,INFO,45.65
510,2025-03-03 11:25:00,Pump-05,INFO,66.89
511,2025-03-03 11:31:00,Pump-02,INFO,45.24
512,2025-03-03 11:38:00,Pump-06,INFO,49.61
513,2025-03-03 11:45:00,Pump-04,INFO,45.35
514,2025-03-03 11:53:00,Pump-02,INFO,44.19
515,2025-03-03 12:00:00,Sensor-04,WARN,49.95
516,2025-03-03 12:07:00,Valve-05,INFO,38.46
517,2025-03-03 12:12:00,Pump-02,INFO,43.13
518,2025-03-03 12:21:00,Pump-04,INFO,40.27
519,2025-03-03 12:27:00,Valve-04,INFO,65.34
520,2025-03-03 12:33:00,Valve-02,ALARM,66.2
521,2025-03-03 12:42:00,Pump-03,INFO,75.45
522,2025-03-03 12:49:00,Pump-08,INFO,49.33
523,2025-03-03 12:56:00,Sensor-05,INFO,50.29
524,2025-03-03 13:01:00,Pump-10,INFO,57.71
525,2025-03-03 13:09:00,Sensor-04,WARN,37.24
526,2025-03-03 13:16:00,Valve-05,WARN,40.22
527,2025-03-03 13:22:00,Valve-04,INFO,34.03
528,2025-03-03 13:30:00,Sensor-10,WARN,58.37
529,2025-03-03 13:38:00,Sensor-10,INFO,41.39
530,2025-03-03 13:43:00,Sensor-04,INFO,60.02
531,2025-03-03 13:51:00,Sensor-05,INFO,45.38
532,2025-03-03 13:57:00,Sensor-08,INFO,50.04
533,2025-03-03 14:06:00,Sensor-04,WARN,48.29
534,2025-03-03 14:12:00,Sensor-10,WARN,51.9
535,2025-03-03 14:19:00,Sensor-08,WARN,45.11
536,2025-03-03 14:27:00,Valve-04,INFO,60.4
537,2025-03-03 14:33:00,Sensor-07,INFO,48.32
538,2025-03-03 14:40:00,Pump-06,INFO,53.64
539,2025-03-03 14:47:00,Pump-08,INFO,51.1
540,2025-03-03 14:55:00,Sensor-10,INFO,39.86
541,2025-03-03 15:00:00,Sensor-04,INFO,63.49
542,2025-03-03 15:07:00,Pump-03,INFO,43.48
543,2025-03-03 15:15:00,Sensor-09,WARN,58.09
544,2025-03-03 15:21:00,Pump-03,INFO,57.29
545,2025-03-03 15:30:00,Pump-04,INFO,35.01
546,2025-03-03 15:36:00,Sensor-08,INFO,48.2
547,2025-03-03 15:44:00,Pump-07,WARN,55.8
548,2025-03-03 15:50:00,Pump-02,WARN,47.1
549,2025-03-03 15:57:00,Valve-03,INFO,48.72
550,2025-03-03 16:04:00,Valve-01,INFO,52.17
551,2025-03-03 16:10:00,Valve-03,INFO,46.24
552,2025-03-03 16:18:00,Pump-02,INFO,53.57
553,2025-03-03 16:26:00,Pump-04,INFO,50.43
554,2025-03-03 16:32:00,Sensor-06,INFO,48.03
555,2025-03-03 16:38:00,Sensor-01,INFO,40.29
556,2025-03-03 16:46:00,Sensor-07,WARN,54.06
557,2025-03-03 16:52:00,Valve-05,INFO,25.91
558,2025-03-03 16:59:00,Sensor-08,INFO,52.62
559,2025-03-03 17:07:00,Valve-05,WARN,50.15
560,2025-03-03 17:13:00,Pump-03,INFO,41.87
561,2025-03-03 17:21:00,Valve-03,WARN,36.11
562,2025-03-03 17:27:00,Sensor-02,INFO,54.18
563,2025-03-03 17:35:00,Sensor-03,INFO,47.53
564,2025-03-03 17:42:00,Sensor-01,INFO,51.39
565,2025-03-03 17:49:00,Pump-01,INFO,31.63
566,2025-03-03 17:56:00,Valve-04,INFO,54.77
567,2025-03-03 18:03:00,Pump-02,WARN,59.4
568,2025-03-03 18:11:00,Pump-06,WARN,48.47
569,2025-03-03 18:16:00,Sensor-08,INFO,41.03
570,2025-03-03 18:24:00,Valve-02,WARN,54.34
571,2025-03-03 18:32:00,Pump-08,INFO,47.16
572,2025-03-03 18:38:00,Sensor-09,WARN,58.63
573,2025-03-03 18:44:00,Pump-07,WARN,50.21
574,2025-03-03 18:53:00,Sensor-03,INFO,28.58
575,2025-03-03 19:00:00,Valve-01,INFO,26.51
576,2025-03-03 19:05:00,Sensor-10,INFO,42.9
577,2025-03-03 19:13:00,Sensor-06,ALARM,54.53
578,2025-03-03 19:21:00,Sensor-05,INFO,45.08
579,2025-03-03 19:28:00,Pump-02,INFO,54.92
580,2025-03-03 19:35:00,Valve-01,INFO,43.38
581,2025-03-03 19:40:00,Pump-08,INFO,70.63
582,2025-03-03 19:48:00,Sensor-05,INFO,48.12
583,2025-03-03 19:55:00,Sensor-02,WARN,52.69
584,2025-03-03 20:01:00,Sensor-07,WARN,40.41
585,2025-03-03 20:09:00,Valve-03,INFO,45.82
586,2025-03-03 20:15:00,Sensor-05,ALARM,54.94
587,2025-03-03 20:24:00,Valve-02,INFO,49.54
588,2025-03-03 20:31:00,Sensor-08,INFO,22.18
589,2025-03-03 20:38:00,Sensor-08,INFO,54.99
590,2025-03-03 20:43:00,Valve-01,INFO,56.09
591,2025-03-03 20:50:00,Sensor-06,ALARM,57.31
592,2025-03-03 20:59:00,Valve-03,INFO,60.99
593,2025-03-03 21:04:00,Pump-09,INFO,51.81
594,2025-03-03 21:13:00,Pump-07,INFO,73.96
595,2025-03-03 21:20:00,Pump-10,INFO,52.34
596,2025-03-03 21:25:00,Sensor-06,ALARM,26.97
597,2025-03-03 21:32:00,Valve-02,INFO,52.24
598,2025-03-03 21:41:00,Pump-08,INFO,61.21
599,2025-03-03 21:48:00,Valve-02,INFO,36.22
600,2025-03-03 21:54:00,Valve-02,INFO,47.29
601,2025-03-03 22:02:00,Valve-04,INFO,62.13
602,2025-03-03 22:07:00,Valve-01,INFO,44.35
603,2025-03-03 22:15:00,Valve-04,ALARM,47.62
604,2025-03-03 22:23:00,Valve-04,INFO,57.81
605,2025-03-03 22:30:00,Valve-01,INFO,37.18
606,2025-03-03 22:37:00,Pump-02,INFO,49.88
607,2025-03-03 22:42:00,Sensor-07,WARN,40.28
608,2025-03-03 22:50:00,Pump-08,INFO,47.32
609,2025-03-03 22:58:00,Pump-07,INFO,52.37
610,2025-03-03 23:03:00,Valve-05,INFO,60.6
611,2025-03-03 23:11:00,Pump-04,WARN,53.12
612,2025-03-03 23:19:00,Pump-01,WARN,44.35
613,2025-03-03 23:25:00,Pump-03,INFO,61.97
614,2025-03-03 23:33:00,Sensor-06,INFO,56.15
615,2025-03-03 23:39:00,Pump-06,INFO,30.58
616,2025-03-03 23:45:00,Sensor-04,INFO,58.38
617,2025-03-03 23:54:00,Pump-02,WARN,50.65
618,2025-03-03 23:59:00,Valve-05,WARN,49.67
619,2025-03-04 00:07:00,Sensor-04,INFO,61.9
620,2025-03-04 00:15:00,Sensor-06,INFO,47.96
621,2025-03-04 00:22:00,Sensor-04,WARN,58.94
622,2025-03-04 00:27:00,Sensor-09,INFO,62.77
623,2025-03-04 00:36:00,Sensor-08,INFO,50.62
624,2025-03-04 00:43:00,Pump-09,INFO,54.47
625,2025-03-04 00:48:00,Sensor-04,INFO,56.94
626,2025-03-04 00:56:00,Valve-03,WARN,54.62
627,2025-03-04 01:02:00,Pump-08,INFO,58.89
628,2025-03-04 01:09:00,Sensor-10,INFO,39.56
629,2025-03-04 01:17:00,Sensor-09,INFO,43.59
630,2025-03-04 01:25:00,Sensor-06,INFO,37.4
631,2025-03-04 01:32:00,Pump-06,WARN,66.86
632,2025-03-04 01:38:00,Pump-10,INFO,33.24
633,2025-03-04 01:46:00,Pump-09,INFO,63.21
634,2025-03-04 01:52:00,Valve-05,INFO,54.72
635,2025-03-04 01:58:00,Valve-04,INFO,41.24
636,2025-03-04 02:07:00,Pump-02,INFO,37.29
637,2025-03-04 02:14:00,Sensor-10,INFO,49.62
638,2025-03-04 02:20:00,Pump-01,WARN,47.76
639,2025-03-04 02:27:00,Valve-01,INFO,53.95
640,2025-03-04 02:33:00,Valve-05,ALARM,28.01
641,2025-03-04 02:41:00,Valve-05,INFO,48.11
642,2025-03-04 02:48:00,Pump-06,WARN,41.23
643,2025-03-04 02:55:00,Pump-01,INFO,62.77
644,2025-03-04 03:03:00,Sensor-02,INFO,54.09
645,2025-03-04 03:10:00,Pump-03,ALARM,44.92
646,2025-03-04 03:17:00,Valve-04,INFO,64.21
647,2025-03-04 03:24:00,Sensor-05,INFO,45.64
648,2025-03-04 03:31:00,Valve-02,INFO,48.96
649,2025-03-04 03:38:00,Sensor-05,INFO,52.71
650,2025-03-04 03:43:00,Valve-02,INFO,59.09
651,2025-03-04 03:52:00,Pump-05,WARN,50.12
652,2025-03-04 03:58:00,Pump-06,INFO,64.2
653,2025-03-04 04:06:00,Sensor-05,INFO,45.98
654,2025-03-04 04:12:00,Sensor-08,INFO,40.19
655,2025-03-04 04:19:00,Valve-05,INFO,65.93
656,2025-03-04 04:25:00,Pump-02,INFO,46.87
657,2025-03-04 04:33:00,Pump-08,INFO,55.93
658,2025-03-04 04:40:00,Sensor-05,INFO,57.68
659,2025-03-04 04:46:00,Pump-06,INFO,70.83
660,2025-03-04 04:54:00,Sensor-02,INFO,47.03
661,2025-03-04 05:00:00,Sensor-03,INFO,55.28
662,2025-03-04 05:08:00,Valve-04,WARN,42.17
663,2025-03-04 05:16:00,Sensor-05,WARN,45.19
664,2025-03-04 05:22:00,Pump-10,INFO,42.42
665,2025-03-04 05:30:00,Valve-03,INFO,58.47
666,2025-03-04 05:35:00,Sensor-10,INFO,59.2
667,2025-03-04 05:44:00,Sensor-02,WARN,53.69
668,2025-03-04 05:51:00,Pump-01,INFO,42.24
669,2025-03-04 05:57:00,Sensor-08,INFO,43.49
670,2025-03-04 06:05:00,Pump-08,INFO,42.98
671,2025-03-04 06:10:00,Sensor-01,WARN,53.57
672,2025-03-04 06:17:00,Valve-03,INFO,34.19
673,2025-03-04 06:25:00,Pump-07,INFO,46.03
674,2025-03-04 06:32:00,Sensor-04,INFO,36.61
675,2025-03-04 06:38:00,Pump-08,WARN,55.06
676,2025-03-04 06:45:00,Sensor-09,INFO,40.09
677,2025-03-04 06:53:00,Sensor-06,WARN,69.58
678,2025-03-04 07:00:00,Valve-02,ALARM,60.45
679,2025-03-04 07:07:00,Sensor-09,WARN,49.11
680,2025-03-04 07:14:00,Sensor-01,INFO,54.13
681,2025-03-04 07:21:00,Valve-03,WARN,54.68
682,2025-03-04 07:27:00,Sensor-03,INFO,40.4
683,2025-03-04 07:35:00,Sensor-10,WARN,62.38
684,2025-03-04 07:43:00,Valve-03,INFO,49.04
685,2025-03-04 07:48:00,Sensor-06,WARN,42.32
686,2025-03-04 07:57:00,Sensor-04,INFO,55.42
687,2025-03-04 08:03:00,Pump-06,INFO,38.77
688,2025-03-04 08:09:00,Valve-02,INFO,56.56
689,2025-03-04 08:17:00,Pump-06,INFO,53.43
690,2025-03-04 08:24:00,Sensor-04,INFO,43.5
691,2025-03-04 08:31:00,Sensor-08,INFO,59.56
692,2025-03-04 08:37:00,Sensor-01,INFO,57.05
693,2025-03-04 08:44:00,Valve-04,INFO,46.78
694,2025-03-04 08:53:00,Sensor-09,ALARM,55.39
695,2025-03-04 08:58:00,Valve-02,INFO,36.68
696,2025-03-04 09:06:00,Sensor-03,INFO,54.92
697,2025-03-04 09:14:00,Sensor-01,INFO,35.41
698,2025-03-04 09:19:00,Sensor-02,INFO,51.28
699,2025-03-04 09:28:00,Sensor-01,WARN,56.89
700,2025-03-04 09:34:00,Valve-01,INFO,53.38
701,2025-03-04 09:40:00,Sensor-01,INFO,65.53
702,2025-03-04 09:48:00,Pump-09,INFO,42.07
703,2025-03-04 09:55:00,Valve-05,WARN,54.09
704,2025-03-04 10:03:00,Sensor-03,INFO,28.68
705,2025-03-04 10:10:00,Pump-08,WARN,44.88
706,2025-03-04 10:17:00,Sensor-03,WARN,46.97
707,2025-03-04 10:24:00,Pump-03,WARN,65.67
708,2025-03-04 10:31:00,Pump-05,ALARM,49.76
709,2025-03-04 10:36:00,Pump-02,INFO,59.13
710,2025-03-04 10:45:00,Sensor-10,INFO,40.96
711,2025-03-04 10:50:00,Valve-01,INFO,46.67
712,2025-03-04 10:57:00,Sensor-04,INFO,41.63
713,2025-03-04 11:05:00,Sensor-08,INFO,40.06
714,2025-03-04 11:11:00,Pump-02,INFO,40.75
715,2025-03-04 11:19:00,Sensor-03,INFO,43.86
716,2025-03-04 11:26:00,Pump-07,INFO,70.43
717,2025-03-04 11:34:00,Sensor-01,INFO,49.42
718,2025-03-04 11:41:00,Pump-01,INFO,36.47
719,2025-03-04 11:48:00,Valve-03,INFO,44.76
720,2025-03-04 11:53:00,Pump-03,INFO,60.17
721,2025-03-04 12:02:00,Sensor-03,WARN,42.98
722,2025-03-04 12:08:00,Pump-04,INFO,64.88
723,2025-03-04 12:16:00,Sensor-05,INFO,60.3
724,2025-03-04 12:23:00,Sensor-02,INFO,48.06
725,2025-03-04 12:29:00,Pump-05,INFO,43.44
726,2025-03-04 12:35:00,Pump-07,INFO,40.49
727,2025-03-04 12:42:00,Pump-09,WARN,51.92
728,2025-03-04 12:49:00,Pump-04,INFO,54.15
729,2025-03-04 12:57:00,Sensor-07,INFO,63.4
730,2025-03-04 13:04:00,Pump-09,INFO,53.57
731,2025-03-04 13:10:00,Sensor-02,INFO,46.48
732,2025-03-04 13:19:00,Pump-10,WARN,63.74
733,2025-03-04 13:25:00,Sensor-02,WARN,58.19
734,2025-03-04 13:31:00,Sensor-09,INFO,43.12
735,2025-03-04 13:38:00,Valve-02,INFO,49.17
736,2025-03-04 13:45:00,Pump-10,INFO,56.6
737,2025-03-04 13:52:00,Valve-01,INFO,53.05
738,2025-03-04 14:01:00,Valve-03,INFO,39.92
739,2025-03-04 14:08:00,Sensor-10,INFO,51.76
740,2025-03-04 14:14:00,Sensor-02,INFO,43.24
741,2025-03-04 14:21:00,Sensor-08,INFO,50.63
742,2025-03-04 14:27:00,Valve-05,INFO,37.0
743,2025-03-04 14:36:00,Pump-05,ALARM,41.09
744,2025-03-04 14:42:00,Valve-01,INFO,70.99
745,2025-03-04 14:50:00,Sensor-09,WARN,45.74
746,2025-03-04 14:56:00,Valve-03,WARN,61.13
747,2025-03-04 15:02:00,Pump-06,INFO,48.74
748,2025-03-04 15:09:00,Pump-10,INFO,37.97
749,2025-03-04 15:17:00,Sensor-05,WARN,39.2
750,2025-03-04 15:25:00,Pump-03,INFO,42.07
751,2025-03-04 15:32:00,Pump-03,INFO,71.46
752,2025-03-04 15:37:00,Pump-01,WARN,47.69
753,2025-03-04 15:44:00,Pump-02,INFO,51.81
754,2025-03-04 15:53:00,Sensor-10,INFO,56.82
755,2025-03-04 16:00:00,Pump-05,INFO,55.05
756,2025-03-04 16:05:00,Valve-04,INFO,58.65
757,2025-03-04 16:13:00,Pump-07,INFO,44.75
758,2025-03-04 16:20:00,Valve-02,WARN,38.16
759,2025-03-04 16:28:00,Pump-04,INFO,40.55
760,2025-03-04 16:35:00,Sensor-03,INFO,34.68
761,2025-03-04 16:41:00,Sensor-06,WARN,44.8
762,2025-03-04 16:47:00,Sensor-10,WARN,12.74
763,2025-03-04 16:54:00,Pump-09,INFO,57.25
764,2025-03-04 17:01:00,Valve-02,INFO,55.72
765,2025-03-04 17:09:00,Valve-02,INFO,40.25
766,2025-03-04 17:15:00,Sensor-09,INFO,36.23
767,2025-03-04 17:23:00,Pump-05,INFO,65.28
768,2025-03-04 17:30:00,Pump-07,WARN,59.66
769,2025-03-04 17:38:00,Sensor-02,WARN,47.43
770,2025-03-04 17:44:00,Sensor-05,WARN,43.25
771,2025-03-04 17:51:00,Sensor-08,INFO,50.38
772,2025-03-04 17:59:00,Sensor-04,INFO,35.59
773,2025-03-04 18:06:00,Pump-04,INFO,52.93
774,2025-03-04 18:12:00,Pump-01,WARN,37.98
775,2025-03-04 18:20:00,Pump-08,INFO,26.09
776,2025-03-04 18:25:00,Pump-02,INFO,41.86
777,2025-03-04 18:32:00,Pump-01,WARN,39.85
778,2025-03-04 18:40:00,Pump-03,INFO,68.07
779,2025-03-04 18:48:00,Sensor-04,INFO,66.75
780,2025-03-04 18:55:00,Sensor-08,WARN,38.84
781,2025-03-04 19:00:00,Valve-04,INFO,49.0
782,2025-03-04 19:08:00,Sensor-03,WARN,43.44
783,2025-03-04 19:15:00,Sensor-08,INFO,68.38
784,2025-03-04 19:22:00,Valve-04,INFO,31.8
785,2025-03-04 19:28:00,Sensor-02,INFO,54.65
786,2025-03-04 19:37:00,Pump-10,WARN,62.78
787,2025-03-04 19:43:00,Sensor-05,WARN,44.54
788,2025-03-04 19:51:00,Sensor-09,INFO,50.24
789,2025-03-04 19:56:00,Pump-07,INFO,60.53
790,2025-03-04 20:04:00,Valve-01,INFO,38.93
791,2025-03-04 20:12:00,Sensor-06,INFO,56.37
792,2025-03-04 20:19:00,Sensor-08,INFO,34.52
793,2025-03-04 20:24:00,Pump-09,WARN,34.05
794,2025-03-04 20:31:00,Pump-01,INFO,58.51
795,2025-03-04 20:39:00,Sensor-03,WARN,40.33
796,2025-03-04 20:45:00,Sensor-02,INFO,51.79
797,2025-03-04 20:54:00,Sensor-06,INFO,38.22
798,2025-03-04 21:00:00,Sensor-04,INFO,52.81
799,2025-03-04 21:07:00,Pump-10,WARN,33.41
800,2025-03-04 21:13:00,Pump-01,INFO,62.96
801,2025-03-04 21:20:00,Pump-01,INFO,58.13
802,2025-03-04 21:28:00,Pump-07,WARN,43.99
803,2025-03-04 21:35:00,Sensor-03,INFO,31.37
804,2025-03-04 21:41:00,Valve-01,INFO,47.95
805,2025-03-04 21:48:00,Valve-03,INFO,46.42
806,2025-03-04 21:57:00,Pump-09,WARN,44.56
807,2025-03-04 22:03:00,Sensor-08,INFO,60.51
808,2025-03-04 22:11:00,Sensor-02,INFO,62.14
809,2025-03-04 22:17:00,Valve-01,INFO,54.28
810,2025-03-04 22:23:00,Pump-01,INFO,64.91
811,2025-03-04 22:30:00,Sensor-05,INFO,21.97
812,2025-03-04 22:37:00,Sensor-01,WARN,46.96
813,2025-03-04 22:46:00,Sensor-04,INFO,46.48
814,2025-03-04 22:53:00,Sensor-07,INFO,58.42
815,2025-03-04 23:00:00,Valve-01,WARN,46.82
816,2025-03-04 23:07:00,Valve-04,ALARM,55.55
817,2025-03-04 23:12:00,Valve-02,INFO,45.18
818,2025-03-04 23:21:00,Pump-08,ALARM,43.26
819,2025-03-04 23:28:00,Valve-05,INFO,58.01
820,2025-03-04 23:33:00,Sensor-08,WARN,49.98
821,2025-03-04 23:42:00,Pump-01,WARN,53.07
822,2025-03-04 23:48:00,Pump-06,INFO,37.6
823,2025-03-04 23:54:00,Valve-02,INFO,56.78
824,2025-03-05 00:03:00,Sensor-10,INFO,39.23
825,2025-03-05 00:10:00,Pump-09,INFO,67.13
826,2025-03-05 00:17:00,Sensor-03,INFO,47.44
827,2025-03-05 00:22:00,Pump-08,WARN,45.86
828,2025-03-05 00:31:00,Sensor-05,INFO,58.92
829,2025-03-05 00:38:00,Sensor-04,INFO,49.48
830,2025-03-05 00:45:00,Sensor-08,WARN,57.17
831,2025-03-05 00:50:00,Pump-05,INFO,47.01
832,2025-03-05 00:57:00,Sensor-07,WARN,57.14
833,2025-03-05 01:05:00,Sensor-05,INFO,49.24
834,2025-03-05 01:13:00,Sensor-10,WARN,58.67
835,2025-03-05 01:19:00,Valve-02,WARN,61.51
836,2025-03-05 01:25:00,Sensor-04,INFO,34.15
837,2025-03-05 01:33:00,Pump-05,WARN,53.58
838,2025-03-05 01:39:00,Pump-02,INFO,68.3
839,2025-03-05 01:47:00,Pump-04,INFO,56.18
840,2025-03-05 01:53:00,Sensor-08,INFO,74.38
841,2025-03-05 02:01:00,Sensor-06,INFO,40.72
842,2025-03-05 02:09:00,Sensor-07,WARN,52.58
843,2025-03-05 02:15:00,Pump-05,INFO,54.88
844,2025-03-05 02:23:00,Pump-07,INFO,44.73
845,2025-03-05 02:30:00,Valve-02,INFO,37.64
846,2025-03-05 02:36:00,Pump-09,INFO,71.7
847,2025-03-05 02:42:00,Valve-01,INFO,61.22
848,2025-03-05 02:51:00,Valve-04,INFO,55.58
849,2025-03-05 02:57:00,Valve-04,INFO,50.48
850,2025-03-05 03:04:00,Pump-07,INFO,51.4
851,2025-03-05 03:12:00,Pump-03,WARN,56.28
852,2025-03-05 03:17:00,Sensor-08,INFO,64.42
853,2025-03-05 03:26:00,Pump-03,INFO,42.93
854,2025-03-05 03:32:00,Pump-04,INFO,51.06
855,2025-03-05 03:39:00,Sensor-07,INFO,46.3
856,2025-03-05 03:47:00,Pump-07,INFO,39.43
857,2025-03-05 03:52:00,Sensor-09,WARN,43.86
858,2025-03-05 04:01:00,Pump-09,INFO,52.16
859,2025-03-05 04:08:00,Pump-01,WARN,47.01
860,2025-03-05 04:15:00,Pump-04,WARN,50.27
861,2025-03-05 04:20:00,Pump-03,INFO,57.25
862,2025-03-05 04:29:00,Pump-06,WARN,61.55
863,2025-03-05 04:36:00,Pump-06,WARN,76.54
864,2025-03-05 04:42:00,Sensor-09,INFO,57.71
865,2025-03-05 04:49:00,Valve-01,INFO,43.83
866,2025-03-05 04:55:00,Pump-04,INFO,61.03
867,2025-03-05 05:02:00,Pump-04,INFO,46.82
868,2025-03-05 05:10:00,Valve-03,INFO,43.01
869,2025-03-05 05:18:00,Sensor-02,INFO,56.23
870,2025-03-05 05:23:00,Valve-01,INFO,64.14
871,2025-03-05 05:30:00,Pump-03,INFO,43.94
872,2025-03-05 05:37:00,Pump-03,INFO,53.15
873,2025-03-05 05:45:00,Valve-02,INFO,54.56
874,2025-03-05 05:53:00,Valve-05,INFO,40.51
875,2025-03-05 05:58:00,Sensor-01,INFO,35.69
876,2025-03-05 06:06:00,Sensor-09,INFO,35.97
877,2025-03-05 06:13:00,Pump-08,INFO,62.79
878,2025-03-05 06:20:00,Sensor-09,INFO,45.36
879,2025-03-05 06:26:00,Sensor-10,INFO,43.7
880,2025-03-05 06:34:00,Valve-04,INFO,53.18
881,2025-03-05 06:41:00,Sensor-09,INFO,63.01
882,2025-03-05 06:49:00,Pump-06,INFO,38.35
883,2025-03-05 06:55:00,Pump-05,INFO,31.12
884,2025-03-05 07:01:00,Sensor-05,INFO,64.76
885,2025-03-05 07:09:00,Sensor-04,INFO,55.14
886,2025-03-05 07:17:00,Pump-07,WARN,39.27
887,2025-03-05 07:23:00,Sensor-10,INFO,45.62
888,2025-03-05 07:29:00,Pump-01,INFO,39.98
889,2025-03-05 07:37:00,Pump-02,INFO,56.4
890,2025-03-05 07:43:00,Pump-08,WARN,60.23
891,2025-03-05 07:51:00,Pump-04,INFO,56.69
892,2025-03-05 07:58:00,Sensor-09,INFO,51.66
893,2025-03-05 08:04:00,Valve-05,WARN,53.78
894,2025-03-05 08:12:00,Valve-04,INFO,42.58
895,2025-03-05 08:18:00,Pump-06,INFO,45.56
896,2025-03-05 08:26:00,Sensor-02,INFO,50.06
897,2025-03-05 08:32:00,Pump-06,INFO,47.23
898,2025-03-05 08:40:00,Valve-02,WARN,50.01
899,2025-03-05 08:47:00,Sensor-02,INFO,33.82
900,2025-03-05 08:54:00,Pump-08,ALARM,58.81
901,2025-03-05 09:02:00,Pump-01,INFO,39.28
902,2025-03-05 09:08:00,Pump-05,INFO,28.92
903,2025-03-05 09:16:00,Pump-10,INFO,42.85
904,2025-03-05 09:21:00,Sensor-07,WARN,47.84
905,2025-03-05 09:30:00,Sensor-09,INFO,70.18
906,2025-03-05 09:36:00,Pump-04,WARN,45.11
907,2025-03-05 09:43:00,Pump-03,INFO,52.1
908,2025-03-05 09:51:00,Valve-05,INFO,53.21
909,2025-03-05 09:58:00,Pump-05,WARN,34.85
910,2025-03-05 10:05:00,Sensor-09,INFO,48.95
911,2025-03-05 10:11:00,Sensor-01,INFO,47.36
912,2025-03-05 10:17:00,Valve-05,INFO,50.84
913,2025-03-05 10:26:00,Sensor-09,INFO,54.23
914,2025-03-05 10:31:00,Sensor-06,INFO,58.51
915,2025-03-05 10:40:00,Sensor-01,INFO,41.44
916,2025-03-05 10:47:00,Pump-09,INFO,54.83
917,2025-03-05 10:54:00,Sensor-01,INFO,42.72
918,2025-03-05 10:59:00,Sensor-03,WARN,40.9
919,2025-03-05 11:07:00,Sensor-01,INFO,67.53
920,2025-03-05 11:14:00,Pump-04,INFO,31.87
921,2025-03-05 11:21:00,Sensor-02,INFO,44.83
922,2025-03-05 11:28:00,Valve-01,INFO,52.22
923,2025-03-05 11:36:00,Sensor-09,INFO,44.01
924,2025-03-05 11:41:00,Valve-05,WARN,51.5
925,2025-03-05 11:50:00,Sensor-03,INFO,36.57
926,2025-03-05 11:56:00,Sensor-09,INFO,31.55
927,2025-03-05 12:03:00,Sensor-09,WARN,41.26
928,2025-03-05 12:11:00,Sensor-09,INFO,51.52
929,2025-03-05 12:18:00,Sensor-07,INFO,48.28
930,2025-03-05 12:24:00,Sensor-09,WARN,56.36
931,2025-03-05 12:32:00,Pump-04,WARN,35.75
932,2025-03-05 12:38:00,Valve-05,WARN,44.24
933,2025-03-05 12:44:00,Sensor-07,INFO,49.28
934,2025-03-05 12:51:00,Pump-02,INFO,40.31
935,2025-03-05 13:00:00,Pump-07,ALARM,51.38
936,2025-03-05 13:05:00,Valve-02,WARN,47.19
937,2025-03-05 13:13:00,Sensor-02,INFO,54.87
938,2025-03-05 13:20:00,Pump-09,INFO,52.89
939,2025-03-05 13:26:00,Pump-10,ALARM,31.47
940,2025-03-05 13:34:00,Pump-02,INFO,64.73
941,2025-03-05 13:40:00,Pump-07,INFO,28.28
942,2025-03-05 13:49:00,Sensor-07,INFO,34.48
943,2025-03-05 13:55:00,Sensor-03,INFO,49.25
944,2025-03-05 14:01:00,Pump-06,WARN,52.96
945,2025-03-05 14:10:00,Sensor-04,INFO,47.18
946,2025-03-05 14:17:00,Sensor-02,INFO,44.58
947,2025-03-05 14:22:00,Sensor-10,INFO,49.18
948,2025-03-05 14:31:00,Sensor-08,INFO,55.27
949,2025-03-05 14:38:00,Sensor-10,INFO,38.53
950,2025-03-05 14:43:00,Valve-03,INFO,38.86
951,2025-03-05 14:52:00,Pump-04,INFO,41.34
952,2025-03-05 14:58:00,Valve-05,INFO,63.2
953,2025-03-05 15:05:00,Sensor-08,INFO,53.73
954,2025-03-05 15:11:00,Pump-02,INFO,55.72
955,2025-03-05 15:20:00,Pump-01,INFO,65.91
956,2025-03-05 15:25:00,Sensor-01,INFO,57.87
957,2025-03-05 15:34:00,Pump-08,INFO,51.56
958,2025-03-05 15:41:00,Pump-07,INFO,65.58
959,2025-03-05 15:46:00,Pump-05,INFO,40.28
960,2025-03-05 15:54:00,Sensor-05,INFO,47.35
961,2025-03-05 16:02:00,Pump-02,INFO,61.56
962,2025-03-05 16:09:00,Sensor-07,INFO,28.06
963,2025-03-05 16:15:00,Pump-05,INFO,42.03
964,2025-03-05 16:22:00,Pump-10,INFO,57.9
965,2025-03-05 16:30:00,Sensor-10,INFO,51.07
966,2025-03-05 16:37:00,Valve-04,INFO,55.14
967,2025-03-05 16:44:00,Pump-02,INFO,30.84
968,2025-03-05 16:50:00,Sensor-06,WARN,41.59
969,2025-03-05 16:58:00,Sensor-04,WARN,56.49
970,2025-03-05 17:05:00,Pump-05,INFO,40.98
971,2025-03-05 17:12:00,Sensor-06,INFO,58.25
972,2025-03-05 17:18:00,Pump-05,WARN,52.87
973,2025-03-05 17:26:00,Sensor-09,INFO,38.28
974,2025-03-05 17:32:00,Pump-05,INFO,53.46
975,2025-03-05 17:38:00,Pump-06,WARN,57.49
976,2025-03-05 17:47:00,Sensor-02,INFO,53.61
977,2025-03-05 17:52:00,Valve-04,INFO,55.37
978,2025-03-05 18:00:00,Pump-04,INFO,32.71
979,2025-03-05 18:08:00,Sensor-03,INFO,72.55
980,2025-03-05 18:14:00,Sensor-03,INFO,78.21
981,2025-03-05 18:21:00,Valve-01,ALARM,64.29
982,2025-03-05 18:29:00,Sensor-02,INFO,51.16
983,2025-03-05 18:36:00,Valve-04,INFO,45.95
984,2025-03-05 18:42:00,Pump-06,INFO,46.16
985,2025-03-05 18:48:00,Sensor-04,INFO,57.84
986,2025-03-05 18:57:00,Sensor-03,WARN,60.69
987,2025-03-05 19:03:00,Pump-08,INFO,43.5
988,2025-03-05 19:11:00,Pump-05,WARN,49.78
989,2025-03-05 19:18:00,Sensor-01,ALARM,62.57
990,2025-03-05 19:24:00,Valve-03,ALARM,48.97
991,2025-03-05 19:31:00,Valve-05,INFO,51.12
992,2025-03-05 19:37:00,Pump-01,WARN,63.77
993,2025-03-05 19:46:00,Pump-01,INFO,62.16
994,2025-03-05 19:51:00,Pump-02,INFO,58.05
995,2025-03-05 19:58:00,Sensor-04,INFO,39.31
996,2025-03-05 20:05:00,Pump-02,INFO,39.43
997,2025-03-05 20:12:00,Sensor-01,INFO,42.64
998,2025-03-05 20:19:00,Pump-02,WARN,44.78
999,2025-03-05 20:26:00,Sensor-06,WARN,52.16
1000,2025-03-05 20:33:00,Pump-07,INFO,49.07
1001,2025-03-05 20:41:00,Pump-01,INFO,48.38
1002,2025-03-05 20:47:00,Pump-01,INFO,47.42
1003,2025-03-05 20:55:00,Sensor-03,INFO,41.23
1004,2025-03-05 21:02:00,Sensor-03,INFO,45.39
1005,2025-03-05 21:09:00,Sensor-01,WARN,74.34
1006,2025-03-05 21:16:00,Pump-01,INFO,56.99
1007,2025-03-05 21:23:00,Valve-02,WARN,50.2
1008,2025-03-05 21:31:00,Valve-01,INFO,35.0
1009,2025-03-05 21:37:00,Pump-09,INFO,40.1
1010,2025-03-05 21:45:00,Sensor-08,WARN,49.58
1011,2025-03-05 21:52:00,Pump-10,INFO,63.6
1012,2025-03-05 21:58:00,Valve-01,WARN,52.29
1013,2025-03-05 22:05:00,Sensor-08,INFO,52.16
1014,2025-03-05 22:12:00,Valve-03,INFO,61.1
1015,2025-03-05 22:20:00,Valve-02,INFO,40.29
1016,2025-03-05 22:27:00,Pump-06,INFO,64.06
1017,2025-03-05 22:32:00,Sensor-07,WARN,46.17
1018,2025-03-05 22:40:00,Valve-04,INFO,61.58
1019,2025-03-05 22:46:00,Pump-06,INFO,66.7
1020,2025-03-05 22:55:00,Valve-02,WARN,40.93
1021,2025-03-05 23:02:00,Sensor-03,INFO,50.0
1022,2025-03-05 23:09:00,Sensor-08,INFO,57.89
1023,2025-03-05 23:14:00,Sensor-05,INFO,47.13
1024,2025-03-05 23:21:00,Valve-01,INFO,47.41
1025,2025-03-05 23:29:00,Pump-02,INFO,46.02
1026,2025-03-05 23:35:00,Valve-02,WARN,31.39
1027,2025-03-05 23:43:00,Sensor-10,INFO,60.57
1028,2025-03-05 23:50:00,Valve-05,INFO,39.9
1029,2025-03-05 23:56:00,Sensor-08,WARN,27.11
1030,2025-03-06 00:03:00,Pump-06,INFO,60.47
1031,2025-03-06 00:11:00,Pump-05,INFO,54.85
1032,2025-03-06 00:17:00,Valve-05,INFO,36.82
1033,2025-03-06 00:25:00,Valve-01,INFO,60.86
1034,2025-03-06 00:33:00,Valve-05,INFO,56.65
1035,2025-03-06 00:40:00,Sensor-04,INFO,50.0
1036,2025-03-06 00:46:00,Pump-01,WARN,46.5
1037,2025-03-06 00:54:00,Pump-05,INFO,48.78
1038,2025-03-06 00:59:00,Pump-04,INFO,52.06
1039,2025-03-06 01:07:00,Pump-09,ALARM,42.11
1040,2025-03-06 01:14:00,Pump-06,INFO,61.18
1041,2025-03-06 01:22:00,Sensor-08,INFO,55.56
1042,2025-03-06 01:28:00,Valve-01,INFO,48.65
1043,2025-03-06 01:36:00,Pump-03,INFO,67.43
1044,2025-03-06 01:42:00,Sensor-08,INFO,46.98
1045,2025-03-06 01:48:00,Sensor-10,INFO,65.49
1046,2025-03-06 01:57:00,Pump-09,INFO,52.93
1047,2025-03-06 02:02:00,Valve-01,WARN,57.58
1048,2025-03-06 02:10:00,Pump-09,WARN,46.33
1049,2025-03-06 02:18:00,Pump-01,INFO,31.3
1050,2025-03-06 02:23:00,Valve-03,INFO,54.79
1051,2025-03-06 02:31:00,Pump-01,ALARM,38.12
1052,2025-03-06 02:39:00,Sensor-03,ALARM,43.87
1053,2025-03-06 02:44:00,Valve-01,ALARM,50.76
1054,2025-03-06 02:53:00,Valve-05,WARN,43.58
1055,2025-03-06 02:59:00,Sensor-01,INFO,49.68
1056,2025-03-06 03:05:00,Sensor-09,INFO,52.0
1057,2025-03-06 03:13:00,Sensor-09,ALARM,35.26
1058,2025-03-06 03:19:00,Pump-01,INFO,52.74
1059,2025-03-06 03:27:00,Valve-01,INFO,43.79
1060,2025-03-06 03:34:00,Pump-06,WARN,39.32
1061,2025-03-06 03:42:00,Valve-02,INFO,29.99
1062,2025-03-06 03:49:00,Sensor-04,INFO,34.46
1063,2025-03-06 03:54:00,Pump-01,INFO,50.24
1064,2025-03-06 04:01:00,Sensor-06,INFO,50.42
1065,2025-03-06 04:09:00,Pump-02,INFO,55.18
1066,2025-03-06 04:17:00,Sensor-07,INFO,67.16
1067,2025-03-06 04:23:00,Sensor-05,WARN,63.56
1068,2025-03-06 04:30:00,Valve-02,INFO,59.96
1069,2025-03-06 04:36:00,Sensor-09,WARN,61.86
1070,2025-03-06 04:44:00,Pump-01,INFO,51.81
1071,2025-03-06 04:51:00,Pump-07,WARN,51.63
1072,2025-03-06 04:59:00,Pump-10,INFO,65.37
1073,2025-03-06 05:05:00,Sensor-07,INFO,52.16
1074,2025-03-06 05:12:00,Sensor-01,INFO,52.38
1075,2025-03-06 05:19:00,Valve-05,INFO,61.66
1076,2025-03-06 05:25:00,Pump-09,INFO,47.23
1077,2025-03-06 05:34:00,Valve-04,INFO,48.65
1078,2025-03-06 05:39:00,Pump-04,INFO,36.39
1079,2025-03-06 05:46:00,Pump-06,WARN,45.37
1080,2025-03-06 05:55:00,Valve-05,INFO,46.7
1081,2025-03-06 06:00:00,Sensor-08,INFO,47.27
1082,2025-03-06 06:08:00,Pump-08,INFO,58.1
1083,2025-03-06 06:14:00,Pump-10,INFO,39.91
1084,2025-03-06 06:21:00,Pump-07,INFO,64.89
1085,2025-03-06 06:29:00,Sensor-08,INFO,29.4
1086,2025-03-06 06:36:00,Sensor-07,INFO,55.98
1087,2025-03-06 06:42:00,Sensor-07,INFO,58.17
1088,2025-03-06 06:49:00,Sensor-02,INFO,56.92
1089,2025-03-06 06:57:00,Sensor-10,INFO,60.96
1090,2025-03-06 07:05:00,Valve-03,INFO,47.88
1091,2025-03-06 07:11:00,Pump-08,INFO,62.53
1092,2025-03-06 07:19:00,Sensor-10,INFO,43.09
1093,2025-03-06 07:25:00,Valve-01,INFO,43.93
1094,2025-03-06 07:32:00,Pump-01,INFO,70.69
1095,2025-03-06 07:40:00,Pump-06,INFO,51.77
1096,2025-03-06 07:47:00,Pump-06,WARN,59.52
1097,2025-03-06 07:54:00,Pump-09,INFO,54.96
1098,2025-03-06 07:59:00,Pump-02,INFO,57.23
1099,2025-03-06 08:08:00,Sensor-02,INFO,29.95
1100,2025-03-06 08:14:00,Pump-02,INFO,53.76
1101,2025-03-06 08:21:00,Sensor-07,WARN,50.16
1102,2025-03-06 08:28:00,Pump-07,INFO,59.73
1103,2025-03-06 08:34:00,Sensor-08,INFO,42.04
1104,2025-03-06 08:43:00,Sensor-04,INFO,61.93
1105,2025-03-06 08:50:00,Sensor-05,INFO,37.94
1106,2025-03-06 08:55:00,Pump-03,INFO,45.48
1107,2025-03-06 09:04:00,Valve-01,WARN,34.22
1108,2025-03-06 09:10:00,Valve-03,INFO,39.19
1109,2025-03-06 09:18:00,Sensor-01,WARN,50.07
1110,2025-03-06 09:23:00,Pump-09,INFO,63.68
1111,2025-03-06 09:30:00,Sensor-04,WARN,50.35
1112,2025-03-06 09:39:00,Valve-02,WARN,37.16
1113,2025-03-06 09:44:00,Sensor-01,INFO,28.89
1114,2025-03-06 09:53:00,Sensor-07,INFO,56.74
1115,2025-03-06 10:00:00,Pump-06,INFO,43.43
1116,2025-03-06 10:06:00,Pump-05,WARN,44.76
1117,2025-03-06 10:14:00,Pump-05,WARN,60.77
1118,2025-03-06 10:21:00,Valve-01,INFO,48.65
1119,2025-03-06 10:27:00,Valve-04,INFO,47.01
1120,2025-03-06 10:34:00,Sensor-09,INFO,51.62
1121,2025-03-06 10:42:00,Valve-04,INFO,64.82
1122,2025-03-06 10:48:00,Pump-09,INFO,52.54
1123,2025-03-06 10:54:00,Pump-08,INFO,28.41
1124,2025-03-06 11:03:00,Sensor-09,WARN,41.82
1125,2025-03-06 11:08:00,Valve-01,INFO,47.15
1126,2025-03-06 11:17:00,Pump-10,INFO,58.63
1127,2025-03-06 11:23:00,Sensor-04,INFO,37.57
1128,2025-03-06 11:30:00,Sensor-07,INFO,51.49
1129,2025-03-06 11:37:00,Sensor-10,INFO,49.18
1130,2025-03-06 11:45:00,Sensor-06,INFO,60.17
1131,2025-03-06 11:50:00,Sensor-05,INFO,40.03
1132,2025-03-06 11:59:00,Sensor-10,INFO,51.67
1133,2025-03-06 12:04:00,Sensor-01,WARN,65.33
1134,2025-03-06 12:12:00,Pump-05,INFO,58.99
1135,2025-03-06 12:18:00,Pump-06,INFO,55.99
1136,2025-03-06 12:27:00,Valve-01,INFO,46.89
1137,2025-03-06 12:34:00,Valve-01,WARN,51.51
1138,2025-03-06 12:40:00,Sensor-01,INFO,48.87
1139,2025-03-06 12:48:00,Sensor-08,INFO,58.57
1140,2025-03-06 12:53:00,Pump-08,INFO,55.26
1141,2025-03-06 13:00:00,Sensor-04,WARN,43.72
1142,2025-03-06 13:08:00,Pump-01,INFO,67.45
1143,2025-03-06 13:15:00,Sensor-06,INFO,62.04
1144,2025-03-06 13:21:00,Pump-09,INFO,41.33
1145,2025-03-06 13:28:00,Valve-04,WARN,46.56
1146,2025-03-06 13:37:00,Sensor-10,INFO,48.42
1147,2025-03-06 13:42:00,Sensor-05,WARN,58.16
1148,2025-03-06 13:51:00,Pump-03,INFO,41.91
1149,2025-03-06 13:58:00,Pump-05,INFO,43.31
1150,2025-03-06 14:05:00,Pump-02,INFO,58.78
1151,2025-03-06 14:12:00,Sensor-03,WARN,55.59
1152,2025-03-06 14:18:00,Sensor-07,INFO,30.52
1153,2025-03-06 14:26:00,Sensor-06,WARN,56.58
1154,2025-03-06 14:33:00,Sensor-10,INFO,35.26
1155,2025-03-06 14:40:00,Valve-03,WARN,43.65
1156,2025-03-06 14:47:00,Pump-04,INFO,46.35
1157,2025-03-06 14:52:00,Sensor-02,INFO,45.31
1158,2025-03-06 14:59:00,Valve-04,INFO,43.51
1159,2025-03-06 15:06:00,Valve-02,WARN,39.62
1160,2025-03-06 15:15:00,Pump-10,WARN,55.12
1161,2025-03-06 15:21:00,Sensor-07,INFO,33.87
1162,2025-03-06 15:28:00,Sensor-09,INFO,44.68
1163,2025-03-06 15:36:00,Valve-05,INFO,57.91
1164,2025-03-06 15:42:00,Pump-07,INFO,53.97
1165,2025-03-06 15:48:00,Pump-03,INFO,36.15
1166,2025-03-06 15:55:00,Sensor-05,INFO,30.7
1167,2025-03-06 16:03:00,Valve-01,INFO,39.11
1168,2025-03-06 16:10:00,Valve-03,WARN,28.22
1169,2025-03-06 16:18:00,Sensor-06,INFO,50.92
1170,2025-03-06 16:23:00,Pump-03,WARN,45.4
1171,2025-03-06 16:31:00,Valve-03,INFO,46.17
1172,2025-03-06 16:38:00,Pump-08,WARN,55.1
1173,2025-03-06 16:46:00,Pump-09,INFO,58.74
1174,2025-03-06 16:51:00,Pump-07,INFO,52.38
1175,2025-03-06 16:59:00,Pump-08,INFO,47.77
1176,2025-03-06 17:07:00,Valve-04,INFO,42.98
1177,2025-03-06 17:14:00,Sensor-03,WARN,46.49
1178,2025-03-06 17:20:00,Pump-10,WARN,52.07
1179,2025-03-06 17:28:00,Pump-03,WARN,59.25
1180,2025-03-06 17:33:00,Sensor-01,INFO,36.1
1181,2025-03-06 17:40:00,Valve-05,INFO,38.72
1182,2025-03-06 17:48:00,Valve-03,INFO,49.94
1183,2025-03-06 17:54:00,Pump-04,WARN,28.89
1184,2025-03-06 18:01:00,Sensor-01,INFO,52.85
1185,2025-03-06 18:08:00,Sensor-03,ALARM,60.56
1186,2025-03-06 18:16:00,Sensor-04,INFO,73.58
1187,2025-03-06 18:22:00,Sensor-09,INFO,50.82
1188,2025-03-06 18:31:00,Sensor-01,WARN,58.59
1189,2025-03-06 18:36:00,Valve-02,WARN,50.22
1190,2025-03-06 18:43:00,Sensor-08,INFO,66.2
1191,2025-03-06 18:50:00,Sensor-07,WARN,45.77
1192,2025-03-06 18:58:00,Sensor-07,WARN,53.29
1193,2025-03-06 19:05:00,Pump-02,WARN,56.04
1194,2025-03-06 19:13:00,Pump-08,WARN,53.89
1195,2025-03-06 19:18:00,Valve-01,INFO,42.28
1196,2025-03-06 19:25:00,Valve-02,INFO,36.26
1197,2025-03-06 19:32:00,Pump-06,WARN,60.21
1198,2025-03-06 19:39:00,Sensor-01,INFO,52.51
1199,2025-03-06 19:48:00,Pump-05,INFO,50.75
1200,2025-03-06 19:55:00,Pump-10,WARN,58.92
1201,2025-03-06 20:00:00,Pump-05,INFO,58.45
1202,2025-03-06 20:07:00,Sensor-03,INFO,53.58
1203,2025-03-06 20:16:00,Pump-02,INFO,56.36
1204,2025-03-06 20:21:00,Valve-04,INFO,44.75
1205,2025-03-06 20:28:00,Sensor-08,INFO,55.34
1206,2025-03-06 20:35:00,Sensor-06,WARN,34.31
1207,2025-03-06 20:43:00,Pump-07,WARN,50.2
1208,2025-03-06 20:49:00,Pump-08,INFO,57.47
1209,2025-03-06 20:57:00,Pump-04,INFO,42.81
1210,2025-03-06 21:03:00,Pump-05,WARN,51.42
1211,2025-03-06 21:10:00,Sensor-02,ALARM,53.01
1212,2025-03-06 21:18:00,Pump-06,INFO,41.09
1213,2025-03-06 21:25:00,Pump-01,INFO,61.29
1214,2025-03-06 21:32:00,Pump-03,INFO,53.2
1215,2025-03-06 21:39:00,Pump-10,INFO,33.24
1216,2025-03-06 21:47:00,Valve-03,INFO,50.91
1217,2025-03-06 21:53:00,Sensor-04,ALARM,64.54
1218,2025-03-06 22:01:00,Valve-04,INFO,49.96
1219,2025-03-06 22:06:00,Sensor-08,INFO,43.49
1220,2025-03-06 22:13:00,Valve-01,INFO,44.55
1221,2025-03-06 22:22:00,Sensor-03,INFO,48.4
1222,2025-03-06 22:27:00,Valve-01,INFO,37.88
1223,2025-03-06 22:34:00,Valve-05,INFO,64.02
1224,2025-03-06 22:43:00,Sensor-10,INFO,59.24
1225,2025-03-06 22:48:00,Pump-04,INFO,60.77
1226,2025-03-06 22:56:00,Valve-01,INFO,34.96
1227,2025-03-06 23:03:00,Pump-06,WARN,51.29
1228,2025-03-06 23:10:00,Sensor-07,INFO,60.78
1229,2025-03-06 23:18:00,Sensor-03,INFO,40.53
1230,2025-03-06 23:23:00,Valve-02,INFO,49.28
1231,2025-03-06 23:31:00,Sensor-01,INFO,39.01
1232,2025-03-06 23:39:00,Sensor-05,INFO,58.34
1233,2025-03-06 23:46:00,Sensor-01,INFO,47.85
1234,2025-03-06 23:52:00,Sensor-03,INFO,49.08
1235,2025-03-06 23:58:00,Valve-04,WARN,38.71
1236,2025-03-07 00:05:00,Sensor-02,WARN,65.48
1237,2025-03-07 00:14:00,Valve-05,ALARM,50.51
1238,2025-03-07 00:21:00,Pump-10,INFO,57.92
1239,2025-03-07 00:28:00,Pump-07,INFO,53.84
1240,2025-03-07 00:34:00,Pump-05,INFO,40.91
1241,2025-03-07 00:40:00,Valve-01,WARN,33.59
1242,2025-03-07 00:48:00,Sensor-06,WARN,48.09
1243,2025-03-07 00:54:00,Pump-03,INFO,61.06
1244,2025-03-07 01:03:00,Sensor-02,WARN,30.3
1245,2025-03-07 01:08:00,Sensor-04,INFO,69.48
1246,2025-03-07 01:16:00,Pump-09,INFO,58.34
1247,2025-03-07 01:24:00,Pump-04,INFO,51.91
1248,2025-03-07 01:29:00,Valve-05,WARN,48.84
1249,2025-03-07 01:37:00,Sensor-06,INFO,58.59
1250,2025-03-07 01:45:00,Sensor-07,INFO,37.79
1251,2025-03-07 01:50:00,Pump-09,INFO,54.42
1252,2025-03-07 01:57:00,Sensor-06,INFO,53.08
1253,2025-03-07 02:05:00,Sensor-01,WARN,67.95
1254,2025-03-07 02:13:00,Sensor-08,INFO,46.35
1255,2025-03-07 02:18:00,Sensor-10,WARN,50.45
1256,2025-03-07 02:27:00,Sensor-02,INFO,49.33
1257,2025-03-07 02:34:00,Sensor-03,INFO,44.83
1258,2025-03-07 02:40:00,Pump-05,WARN,64.78
1259,2025-03-07 02:48:00,Pump-05,WARN,40.25
1260,2025-03-07 02:55:00,Pump-09,INFO,34.82
1261,2025-03-07 03:00:00,Sensor-08,INFO,52.44
1262,2025-03-07 03:08:00,Pump-10,INFO,42.75
1263,2025-03-07 03:16:00,Sensor-10,WARN,52.54
1264,2025-03-07 03:22:00,Sensor-08,ALARM,56.33
1265,2025-03-07 03:30:00,Sensor-07,INFO,51.46
1266,2025-03-07 03:35:00,Sensor-07,INFO,50.24
1267,2025-03-07 03:42:00,Valve-03,WARN,29.38
1268,2025-03-07 03:50:00,Sensor-02,INFO,55.6
1269,2025-03-07 03:57:00,Valve-03,INFO,51.96
1270,2025-03-07 04:05:00,Pump-07,INFO,68.74
1271,2025-03-07 04:12:00,Sensor-05,INFO,61.37
1272,2025-03-07 04:17:00,Pump-03,INFO,35.18
1273,2025-03-07 04:24:00,Pump-01,INFO,60.61
1274,2025-03-07 04:31:00,Sensor-08,INFO,37.0
1275,2025-03-07 04:38:00,Pump-10,INFO,58.34
1276,2025-03-07 04:47:00,Valve-05,INFO,64.54
1277,2025-03-07 04:54:00,Valve-03,INFO,68.67
1278,2025-03-07 05:01:00,Sensor-10,INFO,46.04
1279,2025-03-07 05:06:00,Sensor-02,INFO,57.06
1280,2025-03-07 05:15:00,Sensor-03,WARN,60.09
1281,2025-03-07 05:21:00,Pump-10,INFO,54.71
1282,2025-03-07 05:27:00,Sensor-05,WARN,33.29
1283,2025-03-07 05:36:00,Pump-09,INFO,51.54
1284,2025-03-07 05:43:00,Sensor-09,INFO,55.69
1285,2025-03-07 05:48:00,Pump-01,WARN,49.98
1286,2025-03-07 05:57:00,Valve-02,INFO,41.41
1287,2025-03-07 06:03:00,Valve-01,INFO,47.99
1288,2025-03-07 06:10:00,Valve-01,INFO,59.01
1289,2025-03-07 06:16:00,Valve-05,ALARM,53.94
1290,2025-03-07 06:25:00,Sensor-05,INFO,54.65
1291,2025-03-07 06:31:00,Valve-04,INFO,47.51
1292,2025-03-07 06:39:00,Pump-09,ALARM,54.26
1293,2025-03-07 06:45:00,Pump-02,INFO,28.94
1294,2025-03-07 06:52:00,Pump-02,ALARM,49.56
1295,2025-03-07 06:59:00,Sensor-07,WARN,46.19
1296,2025-03-07 07:05:00,Sensor-01,INFO,50.27
1297,2025-03-07 07:14:00,Pump-06,INFO,38.27
1298,2025-03-07 07:19:00,Valve-03,INFO,53.7
1299,2025-03-07 07:27:00,Pump-06,INFO,69.22
1300,2025-03-07 07:33:00,Pump-01,INFO,50.81
1301,2025-03-07 07:40:00,Sensor-10,WARN,50.47
1302,2025-03-07 07:49:00,Valve-03,INFO,75.08
1303,2025-03-07 07:54:00,Pump-02,INFO,40.52
1304,2025-03-07 08:03:00,Sensor-08,INFO,54.95
1305,2025-03-07 08:09:00,Pump-01,INFO,65.8
1306,2025-03-07 08:15:00,Pump-01,INFO,46.1
1307,2025-03-07 08:23:00,Valve-01,WARN,58.53
1308,2025-03-07 08:30:00,Sensor-01,INFO,51.67
1309,2025-03-07 08:36:00,Pump-09,WARN,39.25
1310,2025-03-07 08:44:00,Pump-07,WARN,48.36
1311,2025-03-07 08:50:00,Valve-04,INFO,49.68
1312,2025-03-07 08:59:00,Pump-05,INFO,43.64
1313,2025-03-07 09:05:00,Sensor-04,INFO,33.93
1314,2025-03-07 09:13:00,Sensor-09,INFO,45.88
1315,2025-03-07 09:19:00,Sensor-02,INFO,35.05
1316,2025-03-07 09:27:00,Pump-08,INFO,55.42
1317,2025-03-07 09:33:00,Pump-04,INFO,55.49
1318,2025-03-07 09:41:00,Pump-02,INFO,37.25
1319,2025-03-07 09:47:00,Sensor-08,INFO,50.82
1320,2025-03-07 09:53:00,Sensor-05,INFO,36.56
1321,2025-03-07 10:01:00,Valve-03,ALARM,46.38
1322,2025-03-07 10:08:00,Sensor-05,INFO,43.31
1323,2025-03-07 10:14:00,Pump-06,INFO,54.8
1324,2025-03-07 10:23:00,Sensor-03,WARN,33.81
1325,2025-03-07 10:30:00,Pump-05,INFO,59.83
1326,2025-03-07 10:36:00,Sensor-10,INFO,62.28
1327,2025-03-07 10:43:00,Valve-02,ALARM,48.56
1328,2025-03-07 10:49:00,Sensor-04,WARN,36.55
1329,2025-03-07 10:56:00,Sensor-05,INFO,29.07
1330,2025-03-07 11:03:00,Sensor-04,INFO,60.95
1331,2025-03-07 11:12:00,Valve-05,INFO,69.84
1332,2025-03-07 11:17:00,Pump-07,WARN,50.44
1333,2025-03-07 11:25:00,Sensor-04,INFO,38.37
1334,2025-03-07 11:31:00,Sensor-08,INFO,39.05
1335,2025-03-07 11:38:00,Sensor-06,INFO,61.82
1336,2025-03-07 11:46:00,Pump-03,INFO,51.69
1337,2025-03-07 11:54:00,Pump-01,INFO,40.31
1338,2025-03-07 12:01:00,Sensor-06,INFO,72.99
1339,2025-03-07 12:06:00,Sensor-10,INFO,60.45
1340,2025-03-07 12:13:00,Pump-10,INFO,55.49
1341,2025-03-07 12:21:00,Pump-04,WARN,44.42
1342,2025-03-07 12:29:00,Sensor-01,INFO,62.39
1343,2025-03-07 12:34:00,Sensor-10,INFO,58.82
1344,2025-03-07 12:41:00,Valve-02,WARN,48.94
1345,2025-03-07 12:48:00,Pump-10,INFO,60.88
1346,2025-03-07 12:56:00,Pump-03,INFO,60.46
1347,2025-03-07 13:02:00,Pump-08,INFO,52.74
1348,2025-03-07 13:10:00,Pump-05,INFO,38.53
1349,2025-03-07 13:18:00,Sensor-07,INFO,39.79
1350,2025-03-07 13:24:00,Sensor-01,WARN,34.15
1351,2025-03-07 13:32:00,Pump-04,INFO,63.25
1352,2025-03-07 13:38:00,Sensor-01,INFO,35.39
1353,2025-03-07 13:44:00,Sensor-07,INFO,50.34
1354,2025-03-07 13:51:00,Pump-03,INFO,34.09
1355,2025-03-07 14:00:00,Sensor-08,INFO,66.84
1356,2025-03-07 14:05:00,Pump-04,INFO,38.37
1357,2025-03-07 14:12:00,Sensor-01,WARN,53.23
1358,2025-03-07 14:19:00,Pump-05,INFO,34.32
1359,2025-03-07 14:28:00,Sensor-07,INFO,58.71
1360,2025-03-07 14:34:00,Sensor-06,WARN,60.85
1361,2025-03-07 14:41:00,Sensor-03,INFO,50.18
1362,2025-03-07 14:49:00,Sensor-05,INFO,49.34
1363,2025-03-07 14:56:00,Pump-08,INFO,58.11
1364,2025-03-07 15:01:00,Pump-08,WARN,43.9
1365,2025-03-07 15:09:00,Pump-07,INFO,60.89
1366,2025-03-07 15:17:00,Pump-10,INFO,52.97
1367,2025-03-07 15:23:00,Pump-02,WARN,34.27
1368,2025-03-07 15:31:00,Sensor-05,INFO,68.47
1369,2025-03-07 15:38:00,Sensor-10,WARN,51.84
1370,2025-03-07 15:43:00,Pump-06,WARN,46.62
1371,2025-03-07 15:51:00,Valve-05,INFO,51.65
1372,2025-03-07 15:58:00,Valve-04,INFO,42.82
1373,2025-03-07 16:06:00,Pump-08,INFO,48.47
1374,2025-03-07 16:13:00,Pump-09,INFO,57.89
1375,2025-03-07 16:20:00,Pump-05,INFO,56.88
1376,2025-03-07 16:27:00,Pump-05,INFO,56.2
1377,2025-03-07 16:32:00,Pump-09,ALARM,43.99
1378,2025-03-07 16:39:00,Sensor-07,WARN,41.39
1379,2025-03-07 16:48:00,Pump-07,INFO,53.88
1380,2025-03-07 16:53:00,Pump-08,INFO,57.71
1381,2025-03-07 17:01:00,Sensor-09,INFO,42.67
1382,2025-03-07 17:08:00,Valve-05,INFO,47.72
1383,2025-03-07 17:16:00,Pump-03,INFO,53.92
1384,2025-03-07 17:21:00,Sensor-06,INFO,49.04
1385,2025-03-07 17:28:00,Sensor-02,INFO,61.57
1386,2025-03-07 17:37:00,Sensor-04,INFO,36.92
1387,2025-03-07 17:42:00,Sensor-03,INFO,35.47
1388,2025-03-07 17:50:00,Pump-10,INFO,60.96
1389,2025-03-07 17:57:00,Pump-02,INFO,56.17
1390,2025-03-07 18:04:00,Pump-02,INFO,50.91
1391,2025-03-07 18:11:00,Sensor-02,INFO,46.66
1392,2025-03-07 18:19:00,Valve-05,WARN,54.71
1393,2025-03-07 18:24:00,Sensor-01,INFO,51.89
1394,2025-03-07 18:31:00,Pump-06,INFO,52.99
1395,2025-03-07 18:39:00,Sensor-05,INFO,49.32
1396,2025-03-07 18:45:00,Pump-02,ALARM,55.35
1397,2025-03-07 18:53:00,Valve-05,INFO,59.18
1398,2025-03-07 19:01:00,Sensor-06,INFO,59.04
1399,2025-03-07 19:08:00,Sensor-03,ALARM,54.57
1400,2025-03-07 19:15:00,Pump-08,INFO,49.96
1401,2025-03-07 19:21:00,Pump-04,INFO,54.45
1402,2025-03-07 19:28:00,Pump-05,INFO,61.95
1403,2025-03-07 19:36:00,Pump-08,INFO,48.46
1404,2025-03-07 19:41:00,Sensor-07,INFO,47.28
1405,2025-03-07 19:48:00,Sensor-02,INFO,54.94
1406,2025-03-07 19:55:00,Pump-06,INFO,57.38
1407,2025-03-07 20:03:00,Valve-05,INFO,49.0
1408,2025-03-07 20:10:00,Pump-01,INFO,54.51
1409,2025-03-07 20:17:00,Valve-01,INFO,41.6
1410,2025-03-07 20:23:00,Pump-06,ALARM,49.89
1411,2025-03-07 20:32:00,Sensor-08,INFO,65.53
1412,2025-03-07 20:37:00,Pump-06,WARN,56.08
1413,2025-03-07 20:46:00,Sensor-05,WARN,43.53
1414,2025-03-07 20:53:00,Sensor-05,INFO,44.87
1415,2025-03-07 20:59:00,Sensor-03,WARN,37.56
1416,2025-03-07 21:05:00,Sensor-03,INFO,66.23
1417,2025-03-07 21:14:00,Pump-07,INFO,40.05
1418,2025-03-07 21:20:00,Sensor-09,INFO,24.71
1419,2025-03-07 21:27:00,Sensor-01,WARN,35.93
1420,2025-03-07 21:33:00,Sensor-07,INFO,50.53
1421,2025-03-07 21:41:00,Sensor-07,WARN,42.83
1422,2025-03-07 21:47:00,Sensor-08,INFO,51.29
1423,2025-03-07 21:55:00,Sensor-04,INFO,53.42
1424,2025-03-07 22:01:00,Valve-02,INFO,43.76
1425,2025-03-07 22:09:00,Sensor-03,INFO,40.8
1426,2025-03-07 22:17:00,Pump-04,INFO,59.11
1427,2025-03-07 22:22:00,Pump-02,INFO,52.98
1428,2025-03-07 22:31:00,Sensor-08,ALARM,23.24
1429,2025-03-07 22:36:00,Pump-09,INFO,34.63
1430,2025-03-07 22:43:00,Pump-07,INFO,32.07
1431,2025-03-07 22:50:00,Valve-02,INFO,48.41
1432,2025-03-07 22:58:00,Pump-05,INFO,52.03
1433,2025-03-07 23:06:00,Valve-02,INFO,48.29
1434,2025-03-07 23:12:00,Sensor-01,WARN,43.72
1435,2025-03-07 23:18:00,Sensor-04,ALARM,60.22
1436,2025-03-07 23:27:00,Valve-02,WARN,53.2
1437,2025-03-07 23:34:00,Pump-01,INFO,40.88
1438,2025-03-07 23:39:00,Pump-01,INFO,41.53
1439,2025-03-07 23:47:00,Sensor-04,INFO,42.38
1440,2025-03-07 23:55:00,Sensor-05,INFO,46.53
1441,2025-03-08 00:02:00,Valve-02,WARN,50.35
1442,2025-03-08 00:09:00,Pump-05,INFO,54.13
1443,2025-03-08 00:15:00,Pump-09,INFO,41.77
1444,2025-03-08 00:23:00,Valve-02,ALARM,36.44
1445,2025-03-08 00:28:00,Pump-02,INFO,53.93
1446,2025-03-08 00:36:00,Valve-03,INFO,58.29
1447,2025-03-08 00:42:00,Pump-04,WARN,67.1
1448,2025-03-08 00:51:00,Sensor-04,WARN,54.05
1449,2025-03-08 00:56:00,Pump-08,INFO,42.7
1450,2025-03-08 01:03:00,Valve-03,INFO,56.11
1451,2025-03-08 01:11:00,Pump-01,INFO,48.49
1452,2025-03-08 01:18:00,Sensor-02,INFO,36.55
1453,2025-03-08 01:25:00,Sensor-10,ALARM,49.52
1454,2025-03-08 01:33:00,Sensor-02,INFO,52.83
1455,2025-03-08 01:39:00,Pump-04,WARN,64.34
1456,2025-03-08 01:46:00,Pump-08,WARN,50.71
1457,2025-03-08 01:52:00,Sensor-05,INFO,41.85
1458,2025-03-08 01:59:00,Pump-05,WARN,31.13
1459,2025-03-08 02:06:00,Sensor-01,WARN,37.71
1460,2025-03-08 02:14:00,Pump-02,INFO,40.3
1461,2025-03-08 02:21:00,Sensor-10,INFO,66.66
1462,2025-03-08 02:29:00,Pump-09,INFO,48.09
1463,2025-03-08 02:34:00,Valve-03,INFO,49.1
1464,2025-03-08 02:43:00,Sensor-04,INFO,61.01
1465,2025-03-08 02:49:00,Sensor-09,INFO,56.03
1466,2025-03-08 02:57:00,Pump-09,INFO,47.38
1467,2025-03-08 03:03:00,Pump-03,INFO,61.46
1468,2025-03-08 03:10:00,Pump-01,INFO,43.16
1469,2025-03-08 03:18:00,Sensor-03,INFO,52.84
1470,2025-03-08 03:23:00,Valve-05,INFO,37.45
1471,2025-03-08 03:32:00,Sensor-09,ALARM,52.6
1472,2025-03-08 03:37:00,Pump-01,WARN,60.18
1473,2025-03-08 03:44:00,Valve-05,WARN,58.71
1474,2025-03-08 03:52:00,Sensor-08,INFO,59.02
1475,2025-03-08 04:00:00,Sensor-03,ALARM,78.88
1476,2025-03-08 04:05:00,Sensor-04,ALARM,47.32
1477,2025-03-08 04:13:00,Sensor-05,INFO,40.96
1478,2025-03-08 04:19:00,Sensor-04,ALARM,54.56
1479,2025-03-08 04:26:00,Sensor-05,INFO,41.2
1480,2025-03-08 04:33:00,Valve-03,INFO,38.67
1481,2025-03-08 04:41:00,Pump-05,WARN,47.48
1482,2025-03-08 04:47:00,Sensor-07,INFO,69.8
1483,2025-03-08 04:55:00,Pump-05,INFO,56.89
1484,2025-03-08 05:02:00,Sensor-10,INFO,53.8
1485,2025-03-08 05:08:00,Valve-01,INFO,33.27
1486,2025-03-08 05:15:00,Pump-10,INFO,43.77
1487,2025-03-08 05:23:00,Sensor-10,WARN,64.33
1488,2025-03-08 05:29:00,Pump-06,INFO,47.3
1489,2025-03-08 05:38:00,Pump-06,INFO,71.95
1490,2025-03-08 05:43:00,Sensor-10,INFO,54.48
1491,2025-03-08 05:50:00,Sensor-08,INFO,48.5
1492,2025-03-08 05:59:00,Valve-03,INFO,46.86
1493,2025-03-08 06:05:00,Pump-06,INFO,49.35
1494,2025-03-08 06:12:00,Sensor-10,ALARM,35.48
1495,2025-03-08 06:19:00,Pump-07,INFO,59.73
1496,2025-03-08 06:26:00,Pump-08,INFO,54.42
1497,2025-03-08 06:34:00,Pump-10,WARN,47.44
1498,2025-03-08 06:40:00,Valve-01,WARN,48.88
1499,2025-03-08 06:48:00,Pump-05,INFO,58.1
1500,2025-03-08 06:55:00,Pump-08,INFO,70.3
1501,2025-03-08 07:00:00,Pump-01,WARN,65.32
1502,2025-03-08 07:08:00,Pump-07,ALARM,51.86
1503,2025-03-08 07:15:00,Sensor-03,INFO,41.77
1504,2025-03-08 07:21:00,Valve-02,INFO,34.67
1505,2025-03-08 07:28:00,Sensor-04,INFO,51.23
1506,2025-03-08 07:36:00,Pump-08,WARN,42.17
1507,2025-03-08 07:44:00,Pump-03,WARN,51.55
1508,2025-03-08 07:50:00,Pump-10,INFO,52.91
1509,2025-03-08 07:56:00,Sensor-08,INFO,57.17
1510,2025-03-08 08:04:00,Sensor-07,WARN,38.28
1511,2025-03-08 08:11:00,Valve-04,INFO,41.13
1512,2025-03-08 08:18:00,Sensor-04,INFO,46.86
1513,2025-03-08 08:26:00,Sensor-04,INFO,52.61
1514,2025-03-08 08:33:00,Pump-09,INFO,52.02
1515,2025-03-08 08:38:00,Pump-05,INFO,75.78
1516,2025-03-08 08:47:00,Pump-07,INFO,27.41
1517,2025-03-08 08:54:00,Valve-03,INFO,61.1
1518,2025-03-08 08:59:00,Sensor-03,INFO,60.59
1519,2025-03-08 09:08:00,Valve-03,INFO,40.85
1520,2025-03-08 09:13:00,Pump-07,ALARM,45.28
1521,2025-03-08 09:20:00,Pump-08,INFO,67.62
1522,2025-03-08 09:29:00,Pump-04,ALARM,43.78
1523,2025-03-08 09:35:00,Sensor-02,INFO,43.94
1524,2025-03-08 09:43:00,Pump-10,ALARM,51.2
1525,2025-03-08 09:49:00,Pump-04,ALARM,55.12
1526,2025-03-08 09:57:00,Pump-05,INFO,59.98
1527,2025-03-08 10:04:00,Pump-05,WARN,60.41
1528,2025-03-08 10:11:00,Sensor-03,INFO,57.82
1529,2025-03-08 10:17:00,Sensor-09,INFO,30.92
1530,2025-03-08 10:24:00,Pump-02,WARN,49.59
1531,2025-03-08 10:30:00,Valve-01,INFO,56.65
1532,2025-03-08 10:38:00,Pump-01,WARN,56.85
1533,2025-03-08 10:45:00,Sensor-06,INFO,42.9
1534,2025-03-08 10:52:00,Pump-07,INFO,39.77
1535,2025-03-08 11:00:00,Valve-02,INFO,39.08
1536,2025-03-08 11:06:00,Pump-08,INFO,54.66
1537,2025-03-08 11:14:00,Valve-02,INFO,60.07
1538,2025-03-08 11:21:00,Valve-05,WARN,51.42
1539,2025-03-08 11:28:00,Valve-04,WARN,39.3
1540,2025-03-08 11:35:00,Sensor-05,INFO,51.8
1541,2025-03-08 11:41:00,Pump-01,INFO,40.48
1542,2025-03-08 11:49:00,Sensor-06,INFO,42.63
1543,2025-03-08 11:55:00,Pump-03,WARN,46.31
1544,2025-03-08 12:01:00,Pump-01,ALARM,42.01
1545,2025-03-08 12:08:00,Valve-01,INFO,38.7
1546,2025-03-08 12:17:00,Sensor-08,INFO,65.49
1547,2025-03-08 12:22:00,Pump-09,WARN,31.12
1548,2025-03-08 12:29:00,Sensor-10,INFO,44.08
1549,2025-03-08 12:36:00,Pump-04,WARN,47.84
1550,2025-03-08 12:45:00,Pump-08,INFO,62.28
1551,2025-03-08 12:50:00,Sensor-02,WARN,52.95
1552,2025-03-08 12:59:00,Valve-04,INFO,47.18
1553,2025-03-08 13:05:00,Sensor-05,INFO,42.59
1554,2025-03-08 13:11:00,Sensor-01,INFO,61.47
1555,2025-03-08 13:20:00,Sensor-05,WARN,41.93
1556,2025-03-08 13:26:00,Pump-02,INFO,52.11
1557,2025-03-08 13:32:00,Sensor-09,INFO,48.31
1558,2025-03-08 13:39:00,Pump-08,WARN,54.8
1559,2025-03-08 13:48:00,Sensor-08,INFO,65.71
1560,2025-03-08 13:53:00,Valve-05,WARN,57.05
1561,2025-03-08 14:00:00,Pump-04,INFO,48.71
1562,2025-03-08 14:09:00,Sensor-06,INFO,66.76
1563,2025-03-08 14:15:00,Valve-05,INFO,65.8
1564,2025-03-08 14:22:00,Sensor-06,INFO,61.4
1565,2025-03-08 14:28:00,Pump-01,INFO,52.82
1566,2025-03-08 14:37:00,Valve-03,INFO,42.29
1567,2025-03-08 14:43:00,Sensor-07,WARN,26.34
1568,2025-03-08 14:50:00,Pump-07,INFO,52.11
1569,2025-03-08 14:57:00,Sensor-01,INFO,57.74
1570,2025-03-08 15:04:00,Pump-04,WARN,36.63
1571,2025-03-08 15:12:00,Pump-03,INFO,54.15
1572,2025-03-08 15:18:00,Valve-02,INFO,45.55
1573,2025-03-08 15:25:00,Sensor-09,WARN,55.1
1574,2025-03-08 15:32:00,Sensor-03,INFO,43.83
1575,2025-03-08 15:38:00,Valve-04,WARN,42.74
1576,2025-03-08 15:46:00,Pump-01,WARN,49.39
1577,2025-03-08 15:52:00,Pump-07,INFO,38.24
1578,2025-03-08 16:00:00,Sensor-04,INFO,59.62
1579,2025-03-08 16:08:00,Pump-03,INFO,50.2
1580,2025-03-08 16:15:00,Sensor-07,INFO,38.55
1581,2025-03-08 16:22:00,Valve-05,INFO,43.84
1582,2025-03-08 16:27:00,Sensor-04,INFO,55.9
1583,2025-03-08 16:34:00,Pump-09,INFO,46.99
1584,2025-03-08 16:42:00,Sensor-03,INFO,57.1
1585,2025-03-08 16:50:00,Pump-01,INFO,40.05
1586,2025-03-08 16:56:00,Pump-07,INFO,47.2
1587,2025-03-08 17:03:00,Valve-05,WARN,49.28
1588,2025-03-08 17:11:00,Pump-07,INFO,72.27
1589,2025-03-08 17:17:00,Pump-09,INFO,42.72
1590,2025-03-08 17:23:00,Sensor-06,INFO,56.27
1591,2025-03-08 17:30:00,Sensor-01,INFO,54.71
1592,2025-03-08 17:39:00,Sensor-04,WARN,67.48
1593,2025-03-08 17:46:00,Valve-02,INFO,63.6
1594,2025-03-08 17:53:00,Sensor-03,WARN,45.37
1595,2025-03-08 18:00:00,Sensor-09,INFO,39.51
1596,2025-03-08 18:06:00,Sensor-01,INFO,35.84
1597,2025-03-08 18:13:00,Pump-05,INFO,52.36
1598,2025-03-08 18:21:00,Pump-02,WARN,60.14
1599,2025-03-08 18:28:00,Sensor-01,INFO,61.44
1600,2025-03-08 18:34:00,Pump-06,WARN,47.39
1601,2025-03-08 18:41:00,Pump-08,WARN,50.44
1602,2025-03-08 18:47:00,Sensor-04,ALARM,64.26
1603,2025-03-08 18:55:00,Pump-01,INFO,42.37
1604,2025-03-08 19:03:00,Sensor-06,INFO,25.25
1605,2025-03-08 19:10:00,Sensor-09,INFO,61.53
1606,2025-03-08 19:15:00,Pump-05,WARN,38.4
1607,2025-03-08 19:22:00,Sensor-04,ALARM,47.09
1608,2025-03-08 19:29:00,Pump-07,INFO,54.57
1609,2025-03-08 19:37:00,Pump-10,ALARM,45.38
1610,2025-03-08 19:44:00,Sensor-01,WARN,60.8
1611,2025-03-08 19:52:00,Valve-03,INFO,76.71
1612,2025-03-08 19:59:00,Pump-07,INFO,41.93
1613,2025-03-08 20:04:00,Pump-05,INFO,51.34
1614,2025-03-08 20:11:00,Sensor-03,ALARM,50.05
1615,2025-03-08 20:19:00,Pump-10,INFO,53.13
1616,2025-03-08 20:27:00,Sensor-09,WARN,43.97
1617,2025-03-08 20:34:00,Sensor-08,INFO,43.5
1618,2025-03-08 20:39:00,Sensor-08,WARN,43.73
1619,2025-03-08 20:47:00,Sensor-09,INFO,45.39
1620,2025-03-08 20:55:00,Pump-08,INFO,45.54
1621,2025-03-08 21:02:00,Pump-04,WARN,24.95
1622,2025-03-08 21:08:00,Pump-01,INFO,50.89
1623,2025-03-08 21:14:00,Valve-03,INFO,46.99
1624,2025-03-08 21:21:00,Pump-10,WARN,42.82
1625,2025-03-08 21:29:00,Valve-02,INFO,50.93
1626,2025-03-08 21:36:00,Sensor-05,INFO,49.95
1627,2025-03-08 21:43:00,Pump-02,INFO,46.02
1628,2025-03-08 21:51:00,Pump-06,ALARM,50.09
1629,2025-03-08 21:57:00,Sensor-09,WARN,44.18
1630,2025-03-08 22:03:00,Pump-10,INFO,38.31
1631,2025-03-08 22:12:00,Pump-10,WARN,69.61
1632,2025-03-08 22:18:00,Pump-03,INFO,45.04
1633,2025-03-08 22:25:00,Pump-06,INFO,52.66
1634,2025-03-08 22:32:00,Valve-05,WARN,75.96
1635,2025-03-08 22:38:00,Valve-02,INFO,45.86
1636,2025-03-08 22:45:00,Pump-09,INFO,54.6
1637,2025-03-08 22:52:00,Pump-04,INFO,73.27
1638,2025-03-08 23:01:00,Pump-06,ALARM,33.5
1639,2025-03-08 23:06:00,Sensor-03,WARN,63.34
1640,2025-03-08 23:14:00,Pump-06,INFO,52.22
1641,2025-03-08 23:20:00,Pump-01,INFO,44.95
1642,2025-03-08 23:29:00,Valve-02,INFO,50.48
1643,2025-03-08 23:34:00,Sensor-08,INFO,46.38
1644,2025-03-08 23:43:00,Pump-03,WARN,65.76
1645,2025-03-08 23:49:00,Valve-02,WARN,49.84
1646,2025-03-08 23:57:00,Pump-03,ALARM,56.98
1647,2025-03-09 00:02:00,Pump-10,INFO,44.71
1648,2025-03-09 00:10:00,Pump-06,INFO,52.92
1649,2025-03-09 00:16:00,Sensor-06,INFO,46.17
1650,2025-03-09 00:23:00,Sensor-02,INFO,35.8
1651,2025-03-09 00:31:00,Pump-01,WARN,63.08
1652,2025-03-09 00:38:00,Pump-02,INFO,53.48
1653,2025-03-09 00:44:00,Sensor-04,INFO,57.71
1654,2025-03-09 00:52:00,Sensor-05,INFO,42.72
1655,2025-03-09 00:58:00,Pump-06,INFO,61.85
1656,2025-03-09 01:07:00,Pump-10,INFO,54.68
1657,2025-03-09 01:14:00,Pump-10,INFO,51.5
1658,2025-03-09 01:19:00,Sensor-03,INFO,60.29
1659,2025-03-09 01:28:00,Sensor-08,INFO,46.71
1660,2025-03-09 01:33:00,Pump-08,WARN,62.95
1661,2025-03-09 01:41:00,Sensor-05,INFO,43.38
1662,2025-03-09 01:49:00,Pump-07,INFO,50.33
1663,2025-03-09 01:55:00,Pump-10,WARN,40.63
1664,2025-03-09 02:01:00,Sensor-10,INFO,38.52
1665,2025-03-09 02:08:00,Pump-01,INFO,45.34
1666,2025-03-09 02:17:00,Sensor-07,INFO,48.39
1667,2025-03-09 02:23:00,Valve-05,INFO,55.52
1668,2025-03-09 02:29:00,Pump-10,INFO,43.57
1669,2025-03-09 02:36:00,Sensor-07,WARN,55.87
1670,2025-03-09 02:44:00,Pump-03,INFO,46.8
1671,2025-03-09 02:51:00,Sensor-08,INFO,45.06
1672,2025-03-09 02:57:00,Pump-09,INFO,56.29
1673,2025-03-09 03:05:00,Valve-03,ALARM,44.56
1674,2025-03-09 03:13:00,Pump-06,INFO,68.25
1675,2025-03-09 03:19:00,Sensor-04,INFO,54.32
1676,2025-03-09 03:27:00,Pump-02,INFO,36.32
1677,2025-03-09 03:33:00,Valve-02,INFO,48.81
1678,2025-03-09 03:39:00,Valve-01,INFO,43.53
1679,2025-03-09 03:46:00,Valve-03,INFO,33.59
1680,2025-03-09 03:54:00,Sensor-07,INFO,60.58
1681,2025-03-09 04:01:00,Pump-03,WARN,60.81
1682,2025-03-09 04:07:00,Sensor-02,INFO,42.75
1683,2025-03-09 04:15:00,Pump-09,INFO,57.11
1684,2025-03-09 04:21:00,Sensor-08,INFO,58.77
1685,2025-03-09 04:28:00,Valve-05,INFO,49.87
1686,2025-03-09 04:35:00,Valve-05,WARN,59.52
1687,2025-03-09 04:44:00,Pump-04,ALARM,52.95
1688,2025-03-09 04:51:00,Valve-04,INFO,61.45
1689,2025-03-09 04:58:00,Valve-04,WARN,38.28
1690,2025-03-09 05:03:00,Valve-04,INFO,51.48
1691,2025-03-09 05:10:00,Sensor-03,ALARM,52.02
1692,2025-03-09 05:18:00,Pump-03,WARN,38.44
1693,2025-03-09 05:26:00,Pump-06,INFO,39.39
1694,2025-03-09 05:31:00,Pump-08,INFO,34.16
1695,2025-03-09 05:39:00,Sensor-04,INFO,50.45
1696,2025-03-09 05:46:00,Pump-02,INFO,45.6
1697,2025-03-09 05:54:00,Pump-05,INFO,37.09
1698,2025-03-09 06:01:00,Sensor-09,INFO,62.17
1699,2025-03-09 06:08:00,Pump-09,INFO,54.0
1700,2025-03-09 06:13:00,Valve-01,INFO,42.75
1701,2025-03-09 06:20:00,Sensor-01,INFO,52.03
1702,2025-03-09 06:29:00,Sensor-05,WARN,47.62
1703,2025-03-09 06:35:00,Pump-02,WARN,34.38
1704,2025-03-09 06:41:00,Pump-07,ALARM,52.74
1705,2025-03-09 06:48:00,Pump-05,WARN,66.4
1706,2025-03-09 06:57:00,Sensor-10,INFO,64.12
1707,2025-03-09 07:02:00,Pump-01,INFO,51.03
1708,2025-03-09 07:11:00,Sensor-06,INFO,45.64
1709,2025-03-09 07:16:00,Pump-04,INFO,55.63
1710,2025-03-09 07:24:00,Pump-09,INFO,52.67
1711,2025-03-09 07:30:00,Valve-05,INFO,48.61
1712,2025-03-09 07:39:00,Sensor-03,INFO,68.6
1713,2025-03-09 07:45:00,Pump-10,INFO,46.04
1714,2025-03-09 07:52:00,Valve-01,INFO,59.57
1715,2025-03-09 08:00:00,Sensor-02,INFO,51.44
1716,2025-03-09 08:06:00,Sensor-03,WARN,51.49
1717,2025-03-09 08:12:00,Valve-02,INFO,33.49
1718,2025-03-09 08:20:00,Sensor-08,INFO,61.01
1719,2025-03-09 08:27:00,Valve-03,INFO,58.37
1720,2025-03-09 08:34:00,Sensor-03,INFO,51.88
1721,2025-03-09 08:40:00,Sensor-07,INFO,60.35
1722,2025-03-09 08:48:00,Sensor-02,INFO,54.16
1723,2025-03-09 08:54:00,Pump-10,WARN,37.03
1724,2025-03-09 09:02:00,Valve-05,WARN,40.29
1725,2025-03-09 09:10:00,Sensor-05,INFO,49.39
1726,2025-03-09 09:15:00,Sensor-08,INFO,33.09
1727,2025-03-09 09:22:00,Sensor-09,INFO,61.22
1728,2025-03-09 09:29:00,Pump-08,ALARM,47.84
1729,2025-03-09 09:37:00,Sensor-06,WARN,51.37
1730,2025-03-09 09:43:00,Valve-01,INFO,40.19
1731,2025-03-09 09:52:00,Sensor-03,INFO,56.46
1732,2025-03-09 09:59:00,Pump-04,INFO,48.57
1733,2025-03-09 10:05:00,Sensor-04,WARN,46.74
1734,2025-03-09 10:11:00,Sensor-08,INFO,64.11
1735,2025-03-09 10:19:00,Sensor-07,INFO,63.09
1736,2025-03-09 10:27:00,Pump-02,INFO,57.5
1737,2025-03-09 10:33:00,Sensor-05,INFO,52.09
1738,2025-03-09 10:41:00,Pump-03,WARN,44.84
1739,2025-03-09 10:48:00,Sensor-01,WARN,47.11
1740,2025-03-09 10:54:00,Pump-01,INFO,46.65
1741,2025-03-09 11:02:00,Sensor-02,INFO,53.92
1742,2025-03-09 11:09:00,Valve-02,INFO,49.68
1743,2025-03-09 11:16:00,Sensor-04,INFO,49.93
1744,2025-03-09 11:21:00,Sensor-10,INFO,65.41
1745,2025-03-09 11:30:00,Pump-10,WARN,61.44
1746,2025-03-09 11:36:00,Sensor-05,INFO,42.19
1747,2025-03-09 11:42:00,Valve-03,INFO,52.97
1748,2025-03-09 11:49:00,Valve-04,WARN,42.24
1749,2025-03-09 11:57:00,Sensor-01,WARN,56.03
1750,2025-03-09 12:05:00,Sensor-09,INFO,69.29
1751,2025-03-09 12:11:00,Pump-01,INFO,46.44
1752,2025-03-09 12:18:00,Sensor-09,INFO,57.91
1753,2025-03-09 12:26:00,Sensor-03,INFO,66.14
1754,2025-03-09 12:33:00,Pump-03,WARN,48.64
1755,2025-03-09 12:38:00,Valve-04,WARN,54.94
1756,2025-03-09 12:45:00,Sensor-02,INFO,67.15
1757,2025-03-09 12:54:00,Sensor-09,INFO,40.64
1758,2025-03-09 13:01:00,Valve-04,INFO,39.63
1759,2025-03-09 13:07:00,Sensor-06,INFO,37.56
1760,2025-03-09 13:15:00,Sensor-10,INFO,57.55
1761,2025-03-09 13:22:00,Pump-08,WARN,39.87
1762,2025-03-09 13:29:00,Valve-02,INFO,55.6
1763,2025-03-09 13:36:00,Valve-04,WARN,63.6
1764,2025-03-09 13:43:00,Pump-02,WARN,43.38
1765,2025-03-09 13:49:00,Pump-06,INFO,42.38
1766,2025-03-09 13:57:00,Valve-02,WARN,56.7
1767,2025-03-09 14:03:00,Pump-04,INFO,50.48
1768,2025-03-09 14:10:00,Pump-04,WARN,26.37
1769,2025-03-09 14:16:00,Sensor-01,INFO,65.32
1770,2025-03-09 14:24:00,Sensor-05,ALARM,55.52
1771,2025-03-09 14:30:00,Sensor-01,WARN,46.2
1772,2025-03-09 14:39:00,Sensor-09,ALARM,45.79
1773,2025-03-09 14:44:00,Pump-08,WARN,57.0
1774,2025-03-09 14:53:00,Pump-03,INFO,49.55
1775,2025-03-09 15:00:00,Pump-08,WARN,50.57
1776,2025-03-09 15:05:00,Sensor-09,INFO,51.51
1777,2025-03-09 15:13:00,Valve-03,INFO,41.81
1778,2025-03-09 15:21:00,Pump-07,WARN,46.39
1779,2025-03-09 15:26:00,Pump-02,INFO,48.12
1780,2025-03-09 15:34:00,Pump-05,INFO,42.39
1781,2025-03-09 15:41:00,Valve-04,WARN,52.75
1782,2025-03-09 15:49:00,Pump-05,INFO,54.84
1783,2025-03-09 15:55:00,Pump-04,INFO,66.86
1784,2025-03-09 16:02:00,Sensor-02,INFO,42.39
1785,2025-03-09 16:10:00,Sensor-05,WARN,58.9
1786,2025-03-09 16:16:00,Pump-01,WARN,64.25
1787,2025-03-09 16:22:00,Sensor-01,INFO,59.5
1788,2025-03-09 16:30:00,Valve-01,INFO,45.02
1789,2025-03-09 16:36:00,Sensor-08,WARN,46.91
1790,2025-03-09 16:44:00,Valve-01,INFO,65.18
1791,2025-03-09 16:52:00,Sensor-02,INFO,48.14
1792,2025-03-09 16:58:00,Pump-04,INFO,49.7
1793,2025-03-09 17:04:00,Sensor-01,ALARM,45.13
1794,2025-03-09 17:12:00,Valve-02,INFO,57.74
1795,2025-03-09 17:20:00,Sensor-08,INFO,25.39
1796,2025-03-09 17:26:00,Pump-05,INFO,41.9
1797,2025-03-09 17:33:00,Valve-03,INFO,40.2
1798,2025-03-09 17:39:00,Valve-03,INFO,65.88
1799,2025-03-09 17:47:00,Pump-03,INFO,52.32
1800,2025-03-09 17:53:00,Pump-09,WARN,47.98
1801,2025-03-09 18:02:00,Sensor-03,WARN,47.96
1802,2025-03-09 18:08:00,Sensor-03,INFO,36.18
1803,2025-03-09 18:16:00,Valve-05,INFO,63.56
1804,2025-03-09 18:23:00,Sensor-09,INFO,46.49
1805,2025-03-09 18:28:00,Sensor-06,INFO,55.93
1806,2025-03-09 18:36:00,Valve-05,INFO,43.43
1807,2025-03-09 18:42:00,Pump-07,INFO,49.4
1808,2025-03-09 18:49:00,Pump-09,INFO,40.81
1809,2025-03-09 18:56:00,Sensor-01,INFO,47.52
1810,2025-03-09 19:04:00,Pump-02,INFO,60.41
1811,2025-03-09 19:10:00,Sensor-08,ALARM,51.06
1812,2025-03-09 19:19:00,Sensor-08,WARN,53.74
1813,2025-03-09 19:25:00,Sensor-05,WARN,50.63
1814,2025-03-09 19:33:00,Valve-03,INFO,66.31
1815,2025-03-09 19:38:00,Sensor-08,INFO,41.83
1816,2025-03-09 19:45:00,Pump-04,INFO,48.62
1817,2025-03-09 19:54:00,Valve-04,INFO,51.88
1818,2025-03-09 20:01:00,Pump-09,INFO,40.04
1819,2025-03-09 20:06:00,Valve-04,ALARM,51.26
1820,2025-03-09 20:14:00,Valve-01,INFO,50.3
1821,2025-03-09 20:21:00,Sensor-05,WARN,51.14
1822,2025-03-09 20:27:00,Valve-03,INFO,51.18
1823,2025-03-09 20:34:00,Sensor-02,INFO,43.28
1824,2025-03-09 20:43:00,Sensor-07,INFO,33.75
1825,2025-03-09 20:50:00,Pump-05,INFO,51.83
1826,2025-03-09 20:55:00,Pump-04,ALARM,41.07
1827,2025-03-09 21:02:00,Valve-03,INFO,49.08
1828,2025-03-09 21:09:00,Valve-02,INFO,42.52
1829,2025-03-09 21:18:00,Pump-03,INFO,35.19
1830,2025-03-09 21:23:00,Pump-04,WARN,53.61
1831,2025-03-09 21:30:00,Sensor-02,WARN,57.0
1832,2025-03-09 21:39:00,Sensor-06,INFO,61.03
1833,2025-03-09 21:46:00,Sensor-03,WARN,45.53
1834,2025-03-09 21:52:00,Valve-05,INFO,50.4
1835,2025-03-09 22:00:00,Pump-07,INFO,53.41
1836,2025-03-09 22:06:00,Pump-09,INFO,60.21
1837,2025-03-09 22:13:00,Valve-04,INFO,32.5
1838,2025-03-09 22:19:00,Sensor-07,INFO,35.31
1839,2025-03-09 22:26:00,Sensor-07,INFO,63.88
1840,2025-03-09 22:35:00,Pump-10,INFO,33.15
1841,2025-03-09 22:40:00,Pump-10,INFO,59.17
1842,2025-03-09 22:49:00,Sensor-04,INFO,63.31
1843,2025-03-09 22:54:00,Sensor-09,INFO,58.03
1844,2025-03-09 23:02:00,Valve-03,INFO,39.97
1845,2025-03-09 23:09:00,Pump-03,INFO,41.08
1846,2025-03-09 23:15:00,Sensor-01,INFO,49.42
1847,2025-03-09 23:24:00,Valve-01,INFO,67.51
1848,2025-03-09 23:30:00,Pump-04,INFO,67.43
1849,2025-03-09 23:36:00,Pump-03,INFO,52.99
1850,2025-03-09 23:45:00,Pump-02,INFO,34.06
1851,2025-03-09 23:50:00,Valve-05,INFO,51.62
1852,2025-03-09 23:59:00,Pump-01,INFO,47.92
1853,2025-03-10 00:06:00,Pump-01,WARN,50.23
1854,2025-03-10 00:12:00,Pump-01,INFO,33.44
1855,2025-03-10 00:18:00,Sensor-06,INFO,52.44
1856,2025-03-10 00:26:00,Pump-10,INFO,34.97
1857,2025-03-10 00:33:00,Pump-01,INFO,24.7
1858,2025-03-10 00:40:00,Sensor-01,ALARM,52.24
1859,2025-03-10 00:48:00,Pump-05,WARN,69.19
1860,2025-03-10 00:54:00,Sensor-05,INFO,41.64
1861,2025-03-10 01:01:00,Sensor-03,INFO,45.27
1862,2025-03-10 01:07:00,Pump-03,INFO,58.96
1863,2025-03-10 01:15:00,Pump-08,INFO,61.63
1864,2025-03-10 01:21:00,Valve-05,INFO,51.06
1865,2025-03-10 01:29:00,Pump-03,INFO,42.92
1866,2025-03-10 01:37:00,Sensor-04,INFO,63.26
1867,2025-03-10 01:44:00,Pump-02,INFO,37.7
1868,2025-03-10 01:49:00,Valve-02,INFO,44.79
1869,2025-03-10 01:56:00,Sensor-06,WARN,55.88
1870,2025-03-10 02:04:00,Sensor-03,INFO,34.31
1871,2025-03-10 02:12:00,Pump-10,WARN,53.88
1872,2025-03-10 02:19:00,Pump-10,INFO,61.39
1873,2025-03-10 02:24:00,Valve-03,INFO,66.77
1874,2025-03-10 02:32:00,Valve-02,WARN,46.1
1875,2025-03-10 02:40:00,Pump-07,INFO,45.6
1876,2025-03-10 02:45:00,Sensor-09,INFO,57.15
1877,2025-03-10 02:53:00,Sensor-01,INFO,43.82
1878,2025-03-10 02:59:00,Sensor-07,INFO,46.91
1879,2025-03-10 03:07:00,Pump-09,INFO,53.22
1880,2025-03-10 03:15:00,Pump-05,INFO,53.72
1881,2025-03-10 03:20:00,Sensor-07,INFO,30.93
1882,2025-03-10 03:29:00,Pump-04,INFO,38.34
1883,2025-03-10 03:34:00,Pump-09,INFO,31.67
1884,2025-03-10 03:41:00,Sensor-03,WARN,33.32
1885,2025-03-10 03:50:00,Valve-04,WARN,38.81
1886,2025-03-10 03:55:00,Pump-01,WARN,47.78
1887,2025-03-10 04:03:00,Sensor-07,INFO,48.75
1888,2025-03-10 04:10:00,Pump-06,ALARM,28.48
1889,2025-03-10 04:17:00,Pump-06,INFO,40.67
1890,2025-03-10 04:23:00,Valve-04,WARN,34.82
1891,2025-03-10 04:30:00,Sensor-01,INFO,48.0
1892,2025-03-10 04:37:00,Pump-06,INFO,43.44
1893,2025-03-10 04:46:00,Sensor-05,INFO,62.59
1894,2025-03-10 04:51:00,Valve-01,INFO,48.61
1895,2025-03-10 04:58:00,Valve-04,INFO,43.93
1896,2025-03-10 05:07:00,Pump-09,WARN,47.38
1897,2025-03-10 05:12:00,Pump-07,INFO,43.56
1898,2025-03-10 05:21:00,Sensor-09,INFO,63.41
1899,2025-03-10 05:28:00,Pump-08,INFO,46.65
1900,2025-03-10 05:35:00,Valve-02,INFO,54.56
1901,2025-03-10 05:42:00,Pump-10,INFO,57.9
1902,2025-03-10 05:49:00,Valve-01,INFO,43.39
1903,2025-03-10 05:55:00,Sensor-05,WARN,31.96
1904,2025-03-10 06:02:00,Pump-06,INFO,45.19
1905,2025-03-10 06:08:00,Valve-02,INFO,56.37
1906,2025-03-10 06:15:00,Sensor-08,INFO,33.05
1907,2025-03-10 06:22:00,Sensor-07,INFO,52.53
1908,2025-03-10 06:29:00,Valve-03,WARN,58.4
1909,2025-03-10 06:36:00,Sensor-07,INFO,63.92
1910,2025-03-10 06:45:00,Pump-07,INFO,56.78
1911,2025-03-10 06:51:00,Pump-09,INFO,52.93
1912,2025-03-10 06:58:00,Sensor-09,WARN,51.86
1913,2025-03-10 07:05:00,Pump-03,INFO,37.92
1914,2025-03-10 07:13:00,Pump-03,INFO,40.53
1915,2025-03-10 07:19:00,Sensor-01,INFO,32.68
1916,2025-03-10 07:27:00,Sensor-03,WARN,50.72
1917,2025-03-10 07:33:00,Valve-03,INFO,54.41
1918,2025-03-10 07:41:00,Sensor-07,INFO,51.18
1919,2025-03-10 07:46:00,Sensor-08,INFO,52.84
1920,2025-03-10 07:53:00,Pump-09,INFO,57.6
1921,2025-03-10 08:02:00,Pump-06,INFO,36.73
1922,2025-03-10 08:09:00,Valve-05,INFO,50.63
1923,2025-03-10 08:16:00,Pump-09,INFO,52.47
1924,2025-03-10 08:22:00,Sensor-03,INFO,45.31
1925,2025-03-10 08:28:00,Sensor-05,INFO,28.74
1926,2025-03-10 08:36:00,Valve-03,INFO,39.76
1927,2025-03-10 08:42:00,Pump-01,ALARM,44.92
1928,2025-03-10 08:50:00,Pump-06,INFO,51.5
1929,2025-03-10 08:57:00,Sensor-04,INFO,50.33
1930,2025-03-10 09:05:00,Sensor-07,INFO,69.23
1931,2025-03-10 09:10:00,Pump-01,INFO,59.44
1932,2025-03-10 09:18:00,Sensor-09,INFO,49.77
1933,2025-03-10 09:26:00,Sensor-07,WARN,51.21
1934,2025-03-10 09:33:00,Valve-02,INFO,62.71
1935,2025-03-10 09:40:00,Sensor-08,INFO,63.09
1936,2025-03-10 09:47:00,Sensor-10,ALARM,53.34
1937,2025-03-10 09:53:00,Sensor-01,INFO,67.33
1938,2025-03-10 10:00:00,Pump-04,INFO,41.02
1939,2025-03-10 10:06:00,Pump-04,INFO,49.71
1940,2025-03-10 10:14:00,Pump-10,INFO,81.66
1941,2025-03-10 10:22:00,Valve-04,INFO,57.1
1942,2025-03-10 10:27:00,Sensor-05,INFO,48.59
1943,2025-03-10 10:34:00,Sensor-03,INFO,51.04
1944,2025-03-10 10:42:00,Pump-03,WARN,51.8
1945,2025-03-10 10:48:00,Pump-06,INFO,66.7
1946,2025-03-10 10:56:00,Sensor-03,INFO,58.04
1947,2025-03-10 11:04:00,Pump-09,INFO,49.21
1948,2025-03-10 11:11:00,Valve-03,WARN,33.24
1949,2025-03-10 11:17:00,Sensor-04,INFO,42.73
1950,2025-03-10 11:25:00,Pump-10,WARN,50.6
1951,2025-03-10 11:31:00,Sensor-01,INFO,48.7
1952,2025-03-10 11:38:00,Sensor-04,INFO,60.96
1953,2025-03-10 11:46:00,Pump-06,INFO,47.69
1954,2025-03-10 11:53:00,Pump-02,INFO,58.39
1955,2025-03-10 11:58:00,Sensor-01,WARN,35.28
1956,2025-03-10 12:07:00,Sensor-05,WARN,44.76
1957,2025-03-10 12:14:00,Valve-04,INFO,56.95
1958,2025-03-10 12:20:00,Pump-01,INFO,70.67
1959,2025-03-10 12:27:00,Pump-04,INFO,48.58
1960,2025-03-10 12:35:00,Sensor-06,INFO,58.29
1961,2025-03-10 12:40:00,Pump-05,INFO,63.36
1962,2025-03-10 12:48:00,Pump-10,INFO,59.53
1963,2025-03-10 12:55:00,Sensor-03,INFO,57.48
1964,2025-03-10 13:03:00,Pump-09,INFO,46.46
1965,2025-03-10 13:10:00,Pump-07,INFO,65.19
1966,2025-03-10 13:17:00,Pump-04,INFO,36.82
1967,2025-03-10 13:24:00,Sensor-06,INFO,37.33
1968,2025-03-10 13:31:00,Valve-05,INFO,68.67
1969,2025-03-10 13:36:00,Sensor-02,INFO,53.62
1970,2025-03-10 13:44:00,Pump-05,INFO,37.62
1971,2025-03-10 13:50:00,Valve-01,INFO,35.66
1972,2025-03-10 13:57:00,Pump-06,INFO,35.24
1973,2025-03-10 14:06:00,Pump-05,INFO,70.34
1974,2025-03-10 14:12:00,Sensor-07,INFO,49.19
1975,2025-03-10 14:20:00,Sensor-08,WARN,44.83
1976,2025-03-10 14:25:00,Valve-03,WARN,66.29
1977,2025-03-10 14:33:00,Pump-06,WARN,52.51
1978,2025-03-10 14:40:00,Valve-05,WARN,46.73
1979,2025-03-10 14:48:00,Valve-03,INFO,60.61
1980,2025-03-10 14:53:00,Valve-03,WARN,55.98
1981,2025-03-10 15:02:00,Pump-10,INFO,56.0
1982,2025-03-10 15:08:00,Pump-02,INFO,47.3
1983,2025-03-10 15:16:00,Pump-02,WARN,41.05
1984,2025-03-10 15:22:00,Pump-09,INFO,39.9
1985,2025-03-10 15:30:00,Sensor-07,INFO,51.03
1986,2025-03-10 15:35:00,Sensor-05,WARN,50.08
1987,2025-03-10 15:42:00,Pump-10,WARN,54.83
1988,2025-03-10 15:51:00,Sensor-06,INFO,45.75
1989,2025-03-10 15:56:00,Valve-01,INFO,62.8
1990,2025-03-10 16:05:00,Sensor-06,INFO,36.74
1991,2025-03-10 16:11:00,Pump-08,INFO,54.18
1992,2025-03-10 16:17:00,Sensor-06,INFO,40.91
1993,2025-03-10 16:24:00,Sensor-03,WARN,47.57
1994,2025-03-10 16:31:00,Pump-02,INFO,40.79
1995,2025-03-10 16:39:00,Sensor-06,INFO,46.32
1996,2025-03-10 16:45:00,Pump-04,WARN,39.3
1997,2025-03-10 16:52:00,Sensor-03,INFO,39.99
1998,2025-03-10 17:01:00,Sensor-07,WARN,59.64
1999,2025-03-10 17:08:00,Sensor-01,ALARM,36.11
2000,2025-03-10 17:14:00,Sensor-09,INFO,56.5
